pretrain_checkpoint_epoch,epoch,train_accuracy,val_accuracy,loss,val_loss,time
100,1,4.32093e-01,4.87667e-01,1.15769e-02,1.02789e-02,0.14
100,2,5.34986e-01,5.44333e-01,9.36439e-03,9.31687e-03,0.08
100,3,5.62420e-01,5.68333e-01,8.74699e-03,8.87223e-03,0.08
100,4,5.75460e-01,5.73667e-01,8.41345e-03,8.64270e-03,0.08
100,5,5.84580e-01,5.79333e-01,8.21390e-03,8.45214e-03,0.08
100,6,5.92561e-01,5.79000e-01,8.06736e-03,8.35032e-03,0.08
100,7,5.97549e-01,5.91333e-01,7.95478e-03,8.24515e-03,0.08
100,8,6.05886e-01,5.97000e-01,7.86910e-03,8.13444e-03,0.08
100,9,6.09235e-01,5.94000e-01,7.79740e-03,8.09089e-03,0.08
100,10,6.12655e-01,6.11000e-01,7.74017e-03,8.01976e-03,0.08
100,11,6.17928e-01,6.09000e-01,7.68269e-03,7.95968e-03,0.08
100,12,6.21491e-01,6.13333e-01,7.64039e-03,7.94342e-03,0.08
100,13,6.20564e-01,6.10333e-01,7.59872e-03,7.91620e-03,0.08
100,14,6.24127e-01,6.19667e-01,7.57140e-03,7.88217e-03,0.08
100,15,6.28545e-01,6.17000e-01,7.53984e-03,7.82735e-03,0.08
100,16,6.26906e-01,6.20667e-01,7.50379e-03,7.82872e-03,0.08
100,17,6.29899e-01,6.22000e-01,7.48598e-03,7.80955e-03,0.08
100,18,6.30113e-01,6.26667e-01,7.45892e-03,7.76040e-03,0.08
100,19,6.34459e-01,6.27333e-01,7.44256e-03,7.75242e-03,0.08
100,20,6.32963e-01,6.27667e-01,7.42811e-03,7.75064e-03,0.08
100,21,6.36597e-01,6.29667e-01,7.39997e-03,7.71150e-03,0.09
100,22,6.35884e-01,6.32000e-01,7.38975e-03,7.70218e-03,0.08
100,23,6.37024e-01,6.30333e-01,7.38058e-03,7.68722e-03,0.08
100,24,6.37737e-01,6.33333e-01,7.36093e-03,7.68862e-03,0.08
100,25,6.37523e-01,6.30667e-01,7.34177e-03,7.69490e-03,0.08
100,26,6.43936e-01,6.24667e-01,7.32848e-03,7.71459e-03,0.08
100,27,6.44150e-01,6.32667e-01,7.31751e-03,7.64302e-03,0.08
100,28,6.42012e-01,6.37333e-01,7.29444e-03,7.63298e-03,0.08
100,29,6.44150e-01,6.34333e-01,7.29376e-03,7.62310e-03,0.08
100,30,6.43224e-01,6.34667e-01,7.28754e-03,7.62778e-03,0.08
100,31,6.46430e-01,6.35333e-01,7.27198e-03,7.58950e-03,0.08
100,32,6.44506e-01,6.37667e-01,7.26203e-03,7.58815e-03,0.08
100,33,6.43580e-01,6.36333e-01,7.26455e-03,7.59308e-03,0.08
100,34,6.46715e-01,6.32667e-01,7.24603e-03,7.57040e-03,0.08
100,35,6.47998e-01,6.41000e-01,7.23669e-03,7.57084e-03,0.08
100,36,6.48140e-01,6.45000e-01,7.22801e-03,7.55496e-03,0.08
100,37,6.47784e-01,6.34667e-01,7.21357e-03,7.56895e-03,0.09
100,38,6.46359e-01,6.41333e-01,7.22502e-03,7.55297e-03,0.08
100,39,6.46430e-01,6.42667e-01,7.21450e-03,7.55458e-03,0.08
100,40,6.50349e-01,6.43333e-01,7.19809e-03,7.53620e-03,0.08
100,41,6.50492e-01,6.38333e-01,7.20485e-03,7.54165e-03,0.08
100,42,6.49779e-01,6.44333e-01,7.18780e-03,7.51296e-03,0.08
100,43,6.51133e-01,6.41333e-01,7.18613e-03,7.51828e-03,0.08
100,44,6.49708e-01,6.40333e-01,7.17725e-03,7.50534e-03,0.08
100,45,6.52629e-01,6.44000e-01,7.17331e-03,7.50838e-03,0.08
100,46,6.50278e-01,6.43667e-01,7.16385e-03,7.50889e-03,0.08
100,47,6.51347e-01,6.45667e-01,7.15285e-03,7.47642e-03,0.08
100,48,6.53342e-01,6.46667e-01,7.15498e-03,7.50391e-03,0.09
100,49,6.53841e-01,6.45667e-01,7.13684e-03,7.47796e-03,0.08
100,50,6.51632e-01,6.38000e-01,7.14775e-03,7.50785e-03,0.08
100,51,6.51632e-01,6.43000e-01,7.13716e-03,7.49203e-03,0.08
100,52,6.51418e-01,6.37667e-01,7.13851e-03,7.51449e-03,0.09
100,53,6.52202e-01,6.41000e-01,7.13649e-03,7.54433e-03,0.08
100,54,6.51988e-01,6.43000e-01,7.14147e-03,7.49698e-03,0.08
100,55,6.55480e-01,6.44000e-01,7.11897e-03,7.45422e-03,0.08
100,56,6.53983e-01,6.47333e-01,7.12020e-03,7.47265e-03,0.08
100,57,6.54054e-01,6.44333e-01,7.10957e-03,7.45774e-03,0.08
100,58,6.53128e-01,6.46000e-01,7.11584e-03,7.42741e-03,0.08
100,59,6.55266e-01,6.42333e-01,7.10726e-03,7.45082e-03,0.08
100,60,6.56833e-01,6.48333e-01,7.10451e-03,7.42508e-03,0.08
100,61,6.56121e-01,6.46667e-01,7.09280e-03,7.41690e-03,0.08
100,62,6.55765e-01,6.47333e-01,7.09215e-03,7.42857e-03,0.08
100,63,6.54624e-01,6.48000e-01,7.09233e-03,7.43359e-03,0.08
100,64,6.52487e-01,6.46000e-01,7.08978e-03,7.45958e-03,0.08
100,65,6.56121e-01,6.47000e-01,7.07228e-03,7.44048e-03,0.08
100,66,6.57190e-01,6.46333e-01,7.07052e-03,7.43668e-03,0.08
100,67,6.57973e-01,6.48333e-01,7.07899e-03,7.41353e-03,0.08
100,68,6.56121e-01,6.49000e-01,7.07500e-03,7.39727e-03,0.08
100,69,6.56833e-01,6.43000e-01,7.07152e-03,7.45366e-03,0.08
100,70,6.56050e-01,6.38000e-01,7.06141e-03,7.42380e-03,0.08
100,71,6.54838e-01,6.46667e-01,7.05796e-03,7.39436e-03,0.08
100,72,6.57688e-01,6.49333e-01,7.05233e-03,7.40680e-03,0.08
100,73,6.57118e-01,6.42667e-01,7.06539e-03,7.40207e-03,0.08
100,74,6.58187e-01,6.46333e-01,7.05684e-03,7.45583e-03,0.09
100,75,6.57617e-01,6.49000e-01,7.04888e-03,7.38774e-03,0.08
100,76,6.58615e-01,6.41000e-01,7.04532e-03,7.39951e-03,0.08
100,77,6.57475e-01,6.47000e-01,7.04731e-03,7.40725e-03,0.08
100,78,6.57047e-01,6.52000e-01,7.04242e-03,7.38246e-03,0.08
100,79,6.57688e-01,6.48667e-01,7.04040e-03,7.36850e-03,0.08
100,80,6.55408e-01,6.48000e-01,7.04255e-03,7.38839e-03,0.08
100,81,6.57546e-01,6.50667e-01,7.03723e-03,7.38547e-03,0.08
100,82,6.59612e-01,6.49667e-01,7.03040e-03,7.37785e-03,0.08
100,83,6.60182e-01,6.51667e-01,7.02778e-03,7.38663e-03,0.08
100,84,6.57261e-01,6.43000e-01,7.03311e-03,7.36070e-03,0.08
100,85,6.57118e-01,6.43000e-01,7.03277e-03,7.40738e-03,0.08
100,86,6.59612e-01,6.46667e-01,7.02133e-03,7.37015e-03,0.08
100,87,6.60966e-01,6.50333e-01,7.02424e-03,7.37174e-03,0.08
100,88,6.60824e-01,6.47667e-01,7.01888e-03,7.35859e-03,0.08
100,89,6.60325e-01,6.47000e-01,7.00274e-03,7.37753e-03,0.08
100,90,6.58045e-01,6.48667e-01,7.01681e-03,7.37293e-03,0.08
100,91,6.59327e-01,6.48000e-01,7.00690e-03,7.38512e-03,0.08
100,92,6.62463e-01,6.45333e-01,7.00316e-03,7.37696e-03,0.08
100,93,6.60254e-01,6.50333e-01,7.00355e-03,7.33538e-03,0.08
100,94,6.61109e-01,6.49000e-01,7.00619e-03,7.36486e-03,0.08
100,95,6.62748e-01,6.48000e-01,6.99634e-03,7.34799e-03,0.08
100,96,6.60610e-01,6.50333e-01,7.00194e-03,7.33707e-03,0.08
100,97,6.61109e-01,6.50667e-01,7.00919e-03,7.32968e-03,0.08
100,98,6.60752e-01,6.47333e-01,6.98875e-03,7.34939e-03,0.08
100,99,6.61821e-01,6.45667e-01,6.99483e-03,7.36066e-03,0.08
100,100,6.61465e-01,6.52000e-01,7.00048e-03,7.32266e-03,0.08
100,101,6.61893e-01,6.46667e-01,6.98389e-03,7.39875e-03,0.10
100,102,6.60467e-01,6.53000e-01,6.99100e-03,7.31851e-03,0.09
100,103,6.62676e-01,6.51667e-01,6.98921e-03,7.33982e-03,0.08
100,104,6.63816e-01,6.48000e-01,6.98159e-03,7.34052e-03,0.08
100,105,6.62676e-01,6.48000e-01,6.98035e-03,7.34578e-03,0.08
100,106,6.61037e-01,6.46000e-01,6.99108e-03,7.37723e-03,0.08
100,107,6.63033e-01,6.47667e-01,6.97884e-03,7.35642e-03,0.08
100,108,6.64743e-01,6.45000e-01,6.97347e-03,7.33157e-03,0.08
100,109,6.61251e-01,6.50000e-01,6.96964e-03,7.32301e-03,0.08
100,110,6.63318e-01,6.48000e-01,6.97468e-03,7.35339e-03,0.08
100,111,6.63318e-01,6.48667e-01,6.97998e-03,7.34748e-03,0.08
100,112,6.63033e-01,6.55333e-01,6.96810e-03,7.32307e-03,0.08
100,113,6.63104e-01,6.53333e-01,6.96380e-03,7.36999e-03,0.08
100,114,6.61608e-01,6.47667e-01,6.96128e-03,7.32803e-03,0.08
100,115,6.60396e-01,6.54333e-01,6.96677e-03,7.30362e-03,0.08
100,116,6.63389e-01,6.53000e-01,6.96226e-03,7.30471e-03,0.08
100,117,6.63175e-01,6.47667e-01,6.95646e-03,7.32622e-03,0.08
100,118,6.61821e-01,6.46333e-01,6.96556e-03,7.33996e-03,0.08
100,119,6.61893e-01,6.52333e-01,6.95879e-03,7.33290e-03,0.08
100,120,6.64244e-01,6.46333e-01,6.95556e-03,7.34730e-03,0.08
100,121,6.63389e-01,6.49333e-01,6.95154e-03,7.33602e-03,0.08
100,122,6.63959e-01,6.55000e-01,6.95452e-03,7.30564e-03,0.08
100,123,6.65954e-01,6.55667e-01,6.96584e-03,7.28293e-03,0.08
100,124,6.63389e-01,6.47667e-01,6.95831e-03,7.29781e-03,0.08
100,125,6.64529e-01,6.52000e-01,6.94473e-03,7.28946e-03,0.08
100,126,6.63033e-01,6.52000e-01,6.95152e-03,7.32973e-03,0.08
100,127,6.59612e-01,6.49667e-01,6.95714e-03,7.32723e-03,0.08
100,128,6.64743e-01,6.52667e-01,6.94088e-03,7.32780e-03,0.09
100,129,6.63033e-01,6.56000e-01,6.93896e-03,7.30141e-03,0.08
100,130,6.65527e-01,6.50333e-01,6.94014e-03,7.32262e-03,0.08
100,131,6.65242e-01,6.49333e-01,6.95627e-03,7.32353e-03,0.08
100,132,6.63175e-01,6.48000e-01,6.94325e-03,7.31156e-03,0.08
100,133,6.63318e-01,6.45333e-01,6.93147e-03,7.32979e-03,0.08
100,134,6.63033e-01,6.56333e-01,6.94432e-03,7.28267e-03,0.11
100,135,6.64957e-01,6.55667e-01,6.93899e-03,7.29766e-03,0.13
100,136,6.63175e-01,6.53333e-01,6.93748e-03,7.28574e-03,0.14
100,137,6.65384e-01,6.55000e-01,6.93677e-03,7.27946e-03,0.14
100,138,6.64315e-01,6.53667e-01,6.93561e-03,7.27641e-03,0.14
100,139,6.64030e-01,6.53333e-01,6.92968e-03,7.27251e-03,0.15
100,140,6.65598e-01,6.54333e-01,6.93426e-03,7.27048e-03,0.14
100,141,6.65598e-01,6.48000e-01,6.93084e-03,7.32726e-03,0.15
100,142,6.66524e-01,6.54000e-01,6.91984e-03,7.27677e-03,0.13
100,143,6.69018e-01,6.50000e-01,6.91418e-03,7.28279e-03,0.12
100,144,6.65313e-01,6.49333e-01,6.92057e-03,7.30920e-03,0.10
100,145,6.65313e-01,6.53333e-01,6.92144e-03,7.26547e-03,0.15
100,146,6.64101e-01,6.51667e-01,6.91110e-03,7.29814e-03,0.14
100,147,6.64672e-01,6.52667e-01,6.93014e-03,7.26956e-03,0.15
100,148,6.62463e-01,6.47000e-01,6.91788e-03,7.27948e-03,0.17
100,149,6.63959e-01,6.48667e-01,6.92407e-03,7.29943e-03,0.14
100,150,6.67379e-01,6.52000e-01,6.91711e-03,7.25624e-03,0.15
100,151,6.65527e-01,6.46667e-01,6.91228e-03,7.28302e-03,0.15
100,152,6.64814e-01,6.53333e-01,6.91044e-03,7.26493e-03,0.09
100,153,6.63816e-01,6.51333e-01,6.91117e-03,7.26306e-03,0.09
100,154,6.66595e-01,6.54000e-01,6.90314e-03,7.24613e-03,0.08
100,155,6.65812e-01,6.57333e-01,6.90979e-03,7.26687e-03,0.08
100,156,6.64600e-01,6.53667e-01,6.91262e-03,7.27374e-03,0.08
100,157,6.66097e-01,6.48333e-01,6.91199e-03,7.27807e-03,0.08
100,158,6.66809e-01,6.50333e-01,6.90651e-03,7.25282e-03,0.08
100,159,6.67735e-01,6.50000e-01,6.90479e-03,7.24606e-03,0.08
100,160,6.65455e-01,6.53333e-01,6.90746e-03,7.24126e-03,0.08
100,161,6.65455e-01,6.50333e-01,6.89804e-03,7.25339e-03,0.08
100,162,6.65954e-01,6.60000e-01,6.90618e-03,7.25752e-03,0.08
100,163,6.65170e-01,6.48667e-01,6.89986e-03,7.27413e-03,0.08
100,164,6.67949e-01,6.56333e-01,6.90358e-03,7.24712e-03,0.08
100,165,6.69089e-01,6.51000e-01,6.89768e-03,7.27074e-03,0.08
100,166,6.67023e-01,6.51667e-01,6.90190e-03,7.29658e-03,0.09
100,167,6.67807e-01,6.57000e-01,6.89501e-03,7.24617e-03,0.08
100,168,6.68234e-01,6.46333e-01,6.89709e-03,7.26922e-03,0.09
100,169,6.67308e-01,6.53333e-01,6.89654e-03,7.24886e-03,0.08
100,170,6.66524e-01,6.52667e-01,6.88604e-03,7.25242e-03,0.08
100,171,6.68092e-01,6.49667e-01,6.89684e-03,7.26900e-03,0.08
100,172,6.68377e-01,6.53667e-01,6.89717e-03,7.25247e-03,0.08
100,173,6.68021e-01,6.50667e-01,6.88924e-03,7.26006e-03,0.08
100,174,6.65883e-01,6.55667e-01,6.89351e-03,7.24227e-03,0.09
100,175,6.67593e-01,6.49667e-01,6.88827e-03,7.26311e-03,0.11
100,176,6.70443e-01,6.51333e-01,6.87825e-03,7.24276e-03,0.12
100,177,6.66382e-01,6.48667e-01,6.89070e-03,7.31151e-03,0.16
100,178,6.67308e-01,6.54333e-01,6.89522e-03,7.22018e-03,0.14
100,179,6.68377e-01,6.54667e-01,6.88121e-03,7.24733e-03,0.14
100,180,6.67023e-01,6.52000e-01,6.88105e-03,7.24006e-03,0.14
100,181,6.68448e-01,6.59333e-01,6.87934e-03,7.23902e-03,0.15
100,182,6.70586e-01,6.51333e-01,6.87180e-03,7.25416e-03,0.13
100,183,6.67522e-01,6.48667e-01,6.87838e-03,7.26483e-03,0.14
100,184,6.66453e-01,6.54333e-01,6.88181e-03,7.21687e-03,0.14
100,185,6.67593e-01,6.48667e-01,6.88879e-03,7.24724e-03,0.14
100,186,6.67094e-01,6.58333e-01,6.89037e-03,7.22006e-03,0.16
100,187,6.67593e-01,6.57000e-01,6.87675e-03,7.25661e-03,0.15
100,188,6.70657e-01,6.57333e-01,6.87960e-03,7.22980e-03,0.15
100,189,6.67379e-01,6.48667e-01,6.87352e-03,7.27695e-03,0.14
100,190,6.67094e-01,6.53667e-01,6.87878e-03,7.24166e-03,0.15
100,191,6.71085e-01,6.54333e-01,6.86987e-03,7.22387e-03,0.14
100,192,6.68377e-01,6.56667e-01,6.88437e-03,7.20691e-03,0.09
100,193,6.66952e-01,6.58000e-01,6.87004e-03,7.22449e-03,0.08
100,194,6.67379e-01,6.55333e-01,6.86653e-03,7.21997e-03,0.08
100,195,6.68377e-01,6.57333e-01,6.86203e-03,7.27151e-03,0.08
100,196,6.69374e-01,6.58333e-01,6.87174e-03,7.21448e-03,0.08
100,197,6.69089e-01,6.55333e-01,6.87310e-03,7.23513e-03,0.08
100,198,6.67807e-01,6.58333e-01,6.87279e-03,7.20268e-03,0.08
100,199,6.66952e-01,6.54000e-01,6.86592e-03,7.24830e-03,0.08
100,200,6.66667e-01,6.54000e-01,6.86206e-03,7.22874e-03,0.08
200,1,4.12213e-01,5.76333e-01,1.18509e-02,9.92727e-03,0.09
200,2,6.05743e-01,6.06000e-01,8.87479e-03,8.73803e-03,0.08
200,3,6.28117e-01,6.22667e-01,8.04300e-03,8.13794e-03,0.08
200,4,6.45361e-01,6.39000e-01,7.60672e-03,7.81179e-03,0.08
200,5,6.53698e-01,6.45333e-01,7.32974e-03,7.56879e-03,0.09
200,6,6.59256e-01,6.48000e-01,7.15306e-03,7.40818e-03,0.08
200,7,6.67165e-01,6.50333e-01,7.02137e-03,7.29260e-03,0.08
200,8,6.66025e-01,6.43667e-01,6.92058e-03,7.30527e-03,0.08
200,9,6.70443e-01,6.62000e-01,6.83845e-03,7.12355e-03,0.08
200,10,6.75502e-01,6.63333e-01,6.76745e-03,7.05561e-03,0.08
200,11,6.76785e-01,6.64667e-01,6.70542e-03,7.02066e-03,0.08
200,12,6.77426e-01,6.70000e-01,6.66399e-03,6.99983e-03,0.08
200,13,6.79279e-01,6.66667e-01,6.61772e-03,6.98080e-03,0.08
200,14,6.80775e-01,6.72000e-01,6.58435e-03,6.88311e-03,0.08
200,15,6.83911e-01,6.70000e-01,6.54752e-03,6.84237e-03,0.08
200,16,6.85977e-01,6.76000e-01,6.51231e-03,6.81796e-03,0.08
200,17,6.87972e-01,6.76333e-01,6.49036e-03,6.82986e-03,0.08
200,18,6.88898e-01,6.79000e-01,6.46105e-03,6.76689e-03,0.08
200,19,6.89611e-01,6.79000e-01,6.44230e-03,6.76258e-03,0.08
200,20,6.89967e-01,6.80000e-01,6.42078e-03,6.71626e-03,0.08
200,21,6.92889e-01,6.73000e-01,6.39613e-03,6.72568e-03,0.08
200,22,6.91392e-01,6.82333e-01,6.38519e-03,6.69850e-03,0.08
200,23,6.93102e-01,6.84333e-01,6.36032e-03,6.69227e-03,0.08
200,24,6.94528e-01,6.83000e-01,6.35523e-03,6.68495e-03,0.08
200,25,6.96309e-01,6.82667e-01,6.33348e-03,6.68648e-03,0.08
200,26,6.95739e-01,6.86333e-01,6.31674e-03,6.63186e-03,0.08
200,27,6.95953e-01,6.86667e-01,6.30854e-03,6.61605e-03,0.08
200,28,6.93958e-01,6.86000e-01,6.30112e-03,6.61226e-03,0.08
200,29,6.96024e-01,6.89333e-01,6.27818e-03,6.59632e-03,0.08
200,30,6.98518e-01,6.88333e-01,6.26631e-03,6.58711e-03,0.08
200,31,6.99587e-01,6.86333e-01,6.25679e-03,6.56244e-03,0.11
200,32,6.99515e-01,6.89000e-01,6.24936e-03,6.56503e-03,0.08
200,33,7.01796e-01,6.90000e-01,6.24222e-03,6.58154e-03,0.08
200,34,7.03007e-01,6.89000e-01,6.22374e-03,6.56126e-03,0.08
200,35,7.02437e-01,6.87667e-01,6.21934e-03,6.52832e-03,0.08
200,36,7.01653e-01,6.91667e-01,6.21513e-03,6.52601e-03,0.08
200,37,7.03363e-01,6.90000e-01,6.19923e-03,6.51992e-03,0.08
200,38,7.03149e-01,6.90000e-01,6.19523e-03,6.50415e-03,0.08
200,39,7.02081e-01,6.88000e-01,6.19019e-03,6.55174e-03,0.08
200,40,7.03292e-01,6.93667e-01,6.17917e-03,6.50847e-03,0.08
200,41,7.02864e-01,6.88667e-01,6.16826e-03,6.52048e-03,0.08
200,42,7.05073e-01,6.88667e-01,6.16617e-03,6.50532e-03,0.08
200,43,7.02437e-01,6.93000e-01,6.17161e-03,6.49704e-03,0.08
200,44,7.02936e-01,6.92333e-01,6.16096e-03,6.48621e-03,0.08
200,45,7.04860e-01,6.83000e-01,6.14788e-03,6.50574e-03,0.08
200,46,7.04147e-01,6.88333e-01,6.14825e-03,6.47693e-03,0.08
200,47,7.06142e-01,6.92000e-01,6.13499e-03,6.46272e-03,0.08
200,48,7.05287e-01,6.92000e-01,6.13657e-03,6.46061e-03,0.08
200,49,7.06142e-01,6.94333e-01,6.12794e-03,6.49015e-03,0.08
200,50,7.03149e-01,6.92333e-01,6.12834e-03,6.45356e-03,0.08
200,51,7.06285e-01,6.92667e-01,6.12340e-03,6.44322e-03,0.08
200,52,7.06926e-01,6.92000e-01,6.11220e-03,6.45055e-03,0.08
200,53,7.06855e-01,6.93333e-01,6.11339e-03,6.49893e-03,0.08
200,54,7.07140e-01,6.93667e-01,6.11136e-03,6.45432e-03,0.08
200,55,7.06000e-01,6.96333e-01,6.10043e-03,6.41473e-03,0.08
200,56,7.08066e-01,6.90333e-01,6.10381e-03,6.41825e-03,0.08
200,57,7.07069e-01,6.95667e-01,6.09072e-03,6.40931e-03,0.09
200,58,7.08992e-01,6.94667e-01,6.08670e-03,6.42728e-03,0.15
200,59,7.09420e-01,6.98000e-01,6.08688e-03,6.41337e-03,0.10
200,60,7.08850e-01,6.94667e-01,6.08778e-03,6.47488e-03,0.08
200,61,7.09349e-01,6.96333e-01,6.07549e-03,6.39636e-03,0.08
200,62,7.08636e-01,6.94333e-01,6.07782e-03,6.39597e-03,0.08
200,63,7.07425e-01,6.97000e-01,6.06993e-03,6.38927e-03,0.08
200,64,7.07639e-01,6.91333e-01,6.07255e-03,6.39913e-03,0.08
200,65,7.09064e-01,6.97000e-01,6.06926e-03,6.39819e-03,0.08
200,66,7.09420e-01,6.91000e-01,6.05680e-03,6.39062e-03,0.08
200,67,7.09848e-01,6.97000e-01,6.06264e-03,6.38516e-03,0.08
200,68,7.08921e-01,6.94667e-01,6.05857e-03,6.40689e-03,0.08
200,69,7.09848e-01,6.96667e-01,6.04808e-03,6.37844e-03,0.08
200,70,7.11486e-01,6.99333e-01,6.04953e-03,6.40345e-03,0.08
200,71,7.08850e-01,6.91667e-01,6.04789e-03,6.40284e-03,0.08
200,72,7.11059e-01,6.95667e-01,6.05054e-03,6.36994e-03,0.08
200,73,7.11059e-01,6.96667e-01,6.04390e-03,6.40142e-03,0.08
200,74,7.12056e-01,6.99667e-01,6.03687e-03,6.38229e-03,0.08
200,75,7.10204e-01,7.00667e-01,6.04381e-03,6.37276e-03,0.08
200,76,7.10418e-01,6.91667e-01,6.03461e-03,6.38687e-03,0.09
200,77,7.11201e-01,6.96000e-01,6.03730e-03,6.38964e-03,0.09
200,78,7.10916e-01,7.01000e-01,6.03070e-03,6.35620e-03,0.08
200,79,7.13553e-01,6.99333e-01,6.02415e-03,6.35088e-03,0.08
200,80,7.11201e-01,7.01333e-01,6.01833e-03,6.37347e-03,0.08
200,81,7.13410e-01,6.97667e-01,6.01944e-03,6.36569e-03,0.08
200,82,7.13482e-01,6.95000e-01,6.01696e-03,6.36114e-03,0.11
200,83,7.12341e-01,6.99333e-01,6.01559e-03,6.33262e-03,0.12
200,84,7.11415e-01,6.98000e-01,6.01419e-03,6.36899e-03,0.13
200,85,7.12626e-01,6.98000e-01,6.00501e-03,6.37043e-03,0.14
200,86,7.12128e-01,6.98667e-01,6.00266e-03,6.41010e-03,0.13
200,87,7.12270e-01,7.00667e-01,6.00655e-03,6.39098e-03,0.14
200,88,7.14194e-01,6.99000e-01,6.00699e-03,6.32395e-03,0.14
200,89,7.12555e-01,7.01000e-01,5.99997e-03,6.32190e-03,0.16
200,90,7.13838e-01,6.99333e-01,5.99202e-03,6.34900e-03,0.14
200,91,7.13909e-01,6.99000e-01,6.00466e-03,6.35076e-03,0.15
200,92,7.12626e-01,7.02000e-01,5.98802e-03,6.32239e-03,0.16
200,93,7.14622e-01,7.00000e-01,5.99478e-03,6.34196e-03,0.16
200,94,7.14978e-01,7.03333e-01,5.98865e-03,6.34971e-03,0.09
200,95,7.11273e-01,6.97667e-01,5.99793e-03,6.33692e-03,0.08
200,96,7.13553e-01,6.94000e-01,5.98305e-03,6.35036e-03,0.08
200,97,7.12840e-01,6.98000e-01,5.98634e-03,6.30539e-03,0.08
200,98,7.13624e-01,6.99333e-01,5.98983e-03,6.33179e-03,0.08
200,99,7.13980e-01,7.01333e-01,5.98148e-03,6.31970e-03,0.08
200,100,7.14265e-01,7.00000e-01,5.98686e-03,6.32119e-03,0.08
200,101,7.14123e-01,7.01333e-01,5.98357e-03,6.29802e-03,0.08
200,102,7.14408e-01,7.01333e-01,5.97417e-03,6.31078e-03,0.08
200,103,7.13909e-01,7.02000e-01,5.97012e-03,6.30082e-03,0.08
200,104,7.13125e-01,7.00000e-01,5.97283e-03,6.32704e-03,0.08
200,105,7.12769e-01,6.99667e-01,5.96889e-03,6.31177e-03,0.08
200,106,7.17757e-01,7.01333e-01,5.96075e-03,6.32374e-03,0.08
200,107,7.13197e-01,7.00667e-01,5.97506e-03,6.29136e-03,0.08
200,108,7.14479e-01,7.02000e-01,5.95893e-03,6.32541e-03,0.08
200,109,7.12698e-01,7.02667e-01,5.96189e-03,6.29416e-03,0.08
200,110,7.16118e-01,6.99667e-01,5.95974e-03,6.28871e-03,0.08
200,111,7.14408e-01,7.03333e-01,5.96628e-03,6.33481e-03,0.08
200,112,7.13125e-01,6.98333e-01,5.97050e-03,6.29209e-03,0.09
200,113,7.15049e-01,6.98667e-01,5.95937e-03,6.31153e-03,0.08
200,114,7.15690e-01,7.01667e-01,5.95327e-03,6.28765e-03,0.08
200,115,7.15120e-01,7.01667e-01,5.95263e-03,6.29584e-03,0.08
200,116,7.16189e-01,7.05000e-01,5.94663e-03,6.31238e-03,0.08
200,117,7.15975e-01,7.06000e-01,5.95281e-03,6.29969e-03,0.08
200,118,7.17044e-01,7.01667e-01,5.94487e-03,6.33633e-03,0.09
200,119,7.15762e-01,7.02333e-01,5.95055e-03,6.26533e-03,0.08
200,120,7.15049e-01,7.01667e-01,5.94507e-03,6.27181e-03,0.08
200,121,7.17258e-01,7.01333e-01,5.93762e-03,6.29135e-03,0.08
200,122,7.18541e-01,7.05000e-01,5.93945e-03,6.27556e-03,0.08
200,123,7.16189e-01,7.04000e-01,5.93877e-03,6.27656e-03,0.08
200,124,7.17258e-01,7.03000e-01,5.93900e-03,6.25624e-03,0.09
200,125,7.18113e-01,7.01667e-01,5.93559e-03,6.31098e-03,0.13
200,126,7.15619e-01,7.00333e-01,5.93365e-03,6.28312e-03,0.15
200,127,7.16973e-01,7.00667e-01,5.93713e-03,6.29441e-03,0.13
200,128,7.17828e-01,7.03667e-01,5.93241e-03,6.27208e-03,0.14
200,129,7.14408e-01,7.03333e-01,5.93060e-03,6.28252e-03,0.16
200,130,7.17044e-01,7.00000e-01,5.93027e-03,6.25648e-03,0.14
200,131,7.16118e-01,7.05333e-01,5.92915e-03,6.31803e-03,0.14
200,132,7.15690e-01,7.03000e-01,5.92877e-03,6.26013e-03,0.14
200,133,7.16047e-01,7.02667e-01,5.92911e-03,6.26990e-03,0.14
200,134,7.17686e-01,7.02333e-01,5.92487e-03,6.25129e-03,0.14
200,135,7.17116e-01,7.03333e-01,5.92088e-03,6.27626e-03,0.15
200,136,7.17258e-01,7.07000e-01,5.92031e-03,6.29014e-03,0.13
200,137,7.17329e-01,7.07333e-01,5.92712e-03,6.25519e-03,0.14
200,138,7.17116e-01,7.02000e-01,5.92112e-03,6.24182e-03,0.14
200,139,7.16688e-01,7.00333e-01,5.91928e-03,6.24822e-03,0.15
200,140,7.17472e-01,7.01667e-01,5.92085e-03,6.26856e-03,0.14
200,141,7.17116e-01,7.03667e-01,5.92184e-03,6.26107e-03,0.16
200,142,7.17899e-01,7.06667e-01,5.91483e-03,6.24875e-03,0.14
200,143,7.16973e-01,7.02333e-01,5.91243e-03,6.23876e-03,0.14
200,144,7.18541e-01,6.99667e-01,5.90749e-03,6.26706e-03,0.09
200,145,7.18184e-01,7.03000e-01,5.91203e-03,6.25668e-03,0.08
200,146,7.17543e-01,7.03667e-01,5.90689e-03,6.25713e-03,0.08
200,147,7.18113e-01,7.02333e-01,5.90657e-03,6.24485e-03,0.08
200,148,7.17258e-01,7.01667e-01,5.90334e-03,6.22396e-03,0.08
200,149,7.17543e-01,6.99667e-01,5.90222e-03,6.23756e-03,0.08
200,150,7.19253e-01,7.06000e-01,5.90285e-03,6.24061e-03,0.08
200,151,7.16688e-01,7.03667e-01,5.90420e-03,6.24679e-03,0.08
200,152,7.19752e-01,7.03000e-01,5.90475e-03,6.24272e-03,0.08
200,153,7.18612e-01,7.06000e-01,5.90209e-03,6.23851e-03,0.08
200,154,7.17543e-01,7.04000e-01,5.89671e-03,6.23858e-03,0.08
200,155,7.18968e-01,7.07000e-01,5.89943e-03,6.24380e-03,0.09
200,156,7.19538e-01,7.01000e-01,5.89612e-03,6.23452e-03,0.14
200,157,7.17116e-01,7.02000e-01,5.89591e-03,6.24167e-03,0.15
200,158,7.18754e-01,7.02000e-01,5.88187e-03,6.22561e-03,0.14
200,159,7.19467e-01,7.04667e-01,5.89807e-03,6.23334e-03,0.15
200,160,7.19752e-01,7.04667e-01,5.88871e-03,6.23443e-03,0.14
200,161,7.19610e-01,7.02667e-01,5.88753e-03,6.21500e-03,0.15
200,162,7.16546e-01,7.02333e-01,5.89434e-03,6.24443e-03,0.14
200,163,7.18042e-01,7.05667e-01,5.88204e-03,6.21602e-03,0.14
200,164,7.17828e-01,7.05333e-01,5.89604e-03,6.22371e-03,0.14
200,165,7.18541e-01,7.04667e-01,5.88623e-03,6.21797e-03,0.14
200,166,7.17187e-01,7.07333e-01,5.88334e-03,6.20786e-03,0.15
200,167,7.20393e-01,7.03000e-01,5.88214e-03,6.21032e-03,0.16
200,168,7.19324e-01,7.05000e-01,5.88214e-03,6.22702e-03,0.14
200,169,7.18541e-01,7.02333e-01,5.88399e-03,6.19833e-03,0.14
200,170,7.19324e-01,7.07667e-01,5.88166e-03,6.21580e-03,0.16
200,171,7.20322e-01,7.04333e-01,5.88146e-03,6.22486e-03,0.14
200,172,7.20821e-01,7.05000e-01,5.88648e-03,6.22167e-03,0.14
200,173,7.19467e-01,7.05667e-01,5.88436e-03,6.21057e-03,0.16
200,174,7.18754e-01,7.05000e-01,5.88267e-03,6.24440e-03,0.14
200,175,7.18256e-01,7.06667e-01,5.88318e-03,6.22560e-03,0.15
200,176,7.19752e-01,7.04333e-01,5.86947e-03,6.22098e-03,0.14
200,177,7.18683e-01,7.02667e-01,5.86750e-03,6.23028e-03,0.15
200,178,7.21676e-01,7.04333e-01,5.87177e-03,6.20604e-03,0.17
200,179,7.20678e-01,7.03000e-01,5.86619e-03,6.24215e-03,0.14
200,180,7.22317e-01,7.06667e-01,5.86091e-03,6.20740e-03,0.14
200,181,7.21035e-01,7.08667e-01,5.87205e-03,6.19136e-03,0.14
200,182,7.19966e-01,7.08333e-01,5.87428e-03,6.20157e-03,0.15
200,183,7.19538e-01,7.01000e-01,5.86269e-03,6.24462e-03,0.14
200,184,7.18683e-01,7.02000e-01,5.87379e-03,6.21205e-03,0.14
200,185,7.22175e-01,7.03667e-01,5.86639e-03,6.19301e-03,0.14
200,186,7.19895e-01,7.02667e-01,5.86488e-03,6.18944e-03,0.14
200,187,7.21106e-01,7.04333e-01,5.86239e-03,6.18978e-03,0.13
200,188,7.21177e-01,7.03000e-01,5.86087e-03,6.20984e-03,0.14
200,189,7.22602e-01,7.04667e-01,5.85237e-03,6.21788e-03,0.14
200,190,7.19752e-01,7.08333e-01,5.86200e-03,6.19936e-03,0.14
200,191,7.21462e-01,7.06333e-01,5.85795e-03,6.21122e-03,0.15
200,192,7.21035e-01,7.06000e-01,5.86028e-03,6.20206e-03,0.13
200,193,7.20536e-01,7.06333e-01,5.86765e-03,6.20851e-03,0.14
200,194,7.20678e-01,7.08333e-01,5.85983e-03,6.21297e-03,0.14
200,195,7.20892e-01,7.06333e-01,5.84727e-03,6.18721e-03,0.15
200,196,7.21106e-01,7.05000e-01,5.85560e-03,6.19134e-03,0.13
200,197,7.21533e-01,7.05000e-01,5.85536e-03,6.18150e-03,0.14
200,198,7.20607e-01,7.07333e-01,5.85520e-03,6.17953e-03,0.15
200,199,7.22460e-01,7.05333e-01,5.84849e-03,6.18037e-03,0.15
200,200,7.20963e-01,7.06667e-01,5.84424e-03,6.17727e-03,0.14
300,1,4.97720e-01,6.34000e-01,1.07931e-02,8.95363e-03,0.08
300,2,6.64672e-01,6.66667e-01,7.93171e-03,7.74406e-03,0.08
300,3,6.83269e-01,6.75000e-01,7.12354e-03,7.20467e-03,0.11
300,4,6.94599e-01,6.85667e-01,6.71595e-03,6.89573e-03,0.17
300,5,7.01439e-01,6.94333e-01,6.46781e-03,6.70056e-03,0.16
300,6,7.05643e-01,7.05667e-01,6.29437e-03,6.54062e-03,0.15
300,7,7.10133e-01,7.10333e-01,6.16883e-03,6.43657e-03,0.15
300,8,7.14337e-01,7.13333e-01,6.06765e-03,6.35755e-03,0.14
300,9,7.15619e-01,7.17667e-01,5.98995e-03,6.29496e-03,0.14
300,10,7.19610e-01,7.21333e-01,5.91953e-03,6.22578e-03,0.15
300,11,7.19823e-01,7.19667e-01,5.85737e-03,6.17140e-03,0.15
300,12,7.24099e-01,7.25333e-01,5.80667e-03,6.12469e-03,0.14
300,13,7.26878e-01,7.23667e-01,5.76606e-03,6.10020e-03,0.14
300,14,7.25737e-01,7.25667e-01,5.72841e-03,6.05285e-03,0.14
300,15,7.29158e-01,7.24000e-01,5.69581e-03,6.04254e-03,0.15
300,16,7.30227e-01,7.26667e-01,5.67870e-03,5.99456e-03,0.14
300,17,7.29657e-01,7.27000e-01,5.63598e-03,6.00165e-03,0.15
300,18,7.32792e-01,7.27000e-01,5.61568e-03,5.96760e-03,0.14
300,19,7.32649e-01,7.26667e-01,5.59524e-03,5.92905e-03,0.14
300,20,7.35642e-01,7.28667e-01,5.57012e-03,5.93825e-03,0.13
300,21,7.33148e-01,7.29667e-01,5.55473e-03,5.92627e-03,0.15
300,22,7.37566e-01,7.27333e-01,5.53230e-03,5.91923e-03,0.15
300,23,7.36141e-01,7.27000e-01,5.51795e-03,5.90038e-03,0.14
300,24,7.37637e-01,7.29667e-01,5.50266e-03,5.86263e-03,0.15
300,25,7.37281e-01,7.33667e-01,5.48961e-03,5.86135e-03,0.14
300,26,7.37352e-01,7.29333e-01,5.48338e-03,5.83338e-03,0.12
300,27,7.38849e-01,7.32000e-01,5.45806e-03,5.81883e-03,0.11
300,28,7.37922e-01,7.33000e-01,5.44754e-03,5.81981e-03,0.16
300,29,7.39704e-01,7.31000e-01,5.44078e-03,5.80339e-03,0.14
300,30,7.40559e-01,7.29000e-01,5.42724e-03,5.80408e-03,0.15
300,31,7.40844e-01,7.34000e-01,5.41172e-03,5.77906e-03,0.14
300,32,7.41912e-01,7.31000e-01,5.41194e-03,5.78711e-03,0.15
300,33,7.40772e-01,7.35000e-01,5.39174e-03,5.78847e-03,0.12
300,34,7.40986e-01,7.33333e-01,5.38856e-03,5.77159e-03,0.08
300,35,7.42910e-01,7.40000e-01,5.37898e-03,5.76309e-03,0.08
300,36,7.42411e-01,7.36000e-01,5.37130e-03,5.76102e-03,0.08
300,37,7.42411e-01,7.36667e-01,5.36768e-03,5.74377e-03,0.08
300,38,7.43979e-01,7.37667e-01,5.35221e-03,5.75041e-03,0.10
300,39,7.46259e-01,7.34667e-01,5.34824e-03,5.71614e-03,0.14
300,40,7.44264e-01,7.33667e-01,5.34512e-03,5.73320e-03,0.13
300,41,7.44264e-01,7.35333e-01,5.33683e-03,5.70892e-03,0.14
300,42,7.45974e-01,7.32000e-01,5.33061e-03,5.70863e-03,0.12
300,43,7.45048e-01,7.37667e-01,5.31568e-03,5.70583e-03,0.13
300,44,7.45262e-01,7.38667e-01,5.32003e-03,5.70392e-03,0.11
300,45,7.44905e-01,7.37667e-01,5.30221e-03,5.70007e-03,0.17
300,46,7.46259e-01,7.33000e-01,5.30120e-03,5.69082e-03,0.14
300,47,7.44834e-01,7.33000e-01,5.29548e-03,5.68678e-03,0.14
300,48,7.46544e-01,7.39000e-01,5.29020e-03,5.68122e-03,0.14
300,49,7.47043e-01,7.39000e-01,5.28587e-03,5.68423e-03,0.11
300,50,7.47613e-01,7.34667e-01,5.27839e-03,5.67826e-03,0.15
300,51,7.48040e-01,7.29333e-01,5.27650e-03,5.65695e-03,0.15
300,52,7.49109e-01,7.36000e-01,5.26326e-03,5.64631e-03,0.14
300,53,7.49181e-01,7.34667e-01,5.26236e-03,5.65745e-03,0.12
300,54,7.48824e-01,7.37333e-01,5.26404e-03,5.64093e-03,0.14
300,55,7.47969e-01,7.39667e-01,5.24780e-03,5.65383e-03,0.13
300,56,7.48824e-01,7.39667e-01,5.24823e-03,5.62104e-03,0.14
300,57,7.49252e-01,7.34667e-01,5.24230e-03,5.63027e-03,0.14
300,58,7.50891e-01,7.38000e-01,5.24001e-03,5.63047e-03,0.15
300,59,7.50036e-01,7.36667e-01,5.23733e-03,5.62031e-03,0.17
300,60,7.49109e-01,7.35333e-01,5.22410e-03,5.59790e-03,0.15
300,61,7.50677e-01,7.41000e-01,5.22831e-03,5.63111e-03,0.14
300,62,7.49751e-01,7.42000e-01,5.22338e-03,5.59602e-03,0.14
300,63,7.51318e-01,7.40333e-01,5.21784e-03,5.58520e-03,0.15
300,64,7.53313e-01,7.39000e-01,5.20562e-03,5.59255e-03,0.13
300,65,7.52316e-01,7.43667e-01,5.20875e-03,5.60921e-03,0.14
300,66,7.50891e-01,7.45000e-01,5.20527e-03,5.61123e-03,0.14
300,67,7.51033e-01,7.42667e-01,5.20589e-03,5.58306e-03,0.14
300,68,7.52245e-01,7.41667e-01,5.18939e-03,5.57166e-03,0.13
300,69,7.53527e-01,7.40000e-01,5.18762e-03,5.60343e-03,0.10
300,70,7.51746e-01,7.41333e-01,5.18733e-03,5.58844e-03,0.09
300,71,7.52815e-01,7.40000e-01,5.18330e-03,5.58742e-03,0.08
300,72,7.52173e-01,7.43000e-01,5.18303e-03,5.55673e-03,0.08
300,73,7.52743e-01,7.39000e-01,5.17301e-03,5.57989e-03,0.08
300,74,7.52530e-01,7.41000e-01,5.16747e-03,5.54559e-03,0.08
300,75,7.52530e-01,7.45000e-01,5.16662e-03,5.58181e-03,0.08
300,76,7.53883e-01,7.38667e-01,5.16606e-03,5.56044e-03,0.08
300,77,7.52815e-01,7.42000e-01,5.16554e-03,5.54680e-03,0.08
300,78,7.52031e-01,7.45000e-01,5.15753e-03,5.58180e-03,0.08
300,79,7.54596e-01,7.45000e-01,5.15708e-03,5.53647e-03,0.08
300,80,7.54168e-01,7.42000e-01,5.16083e-03,5.56289e-03,0.08
300,81,7.53741e-01,7.41333e-01,5.14830e-03,5.52409e-03,0.08
300,82,7.55594e-01,7.33667e-01,5.14543e-03,5.54780e-03,0.08
300,83,7.53456e-01,7.44000e-01,5.15156e-03,5.53138e-03,0.08
300,84,7.55024e-01,7.48333e-01,5.13454e-03,5.52822e-03,0.08
300,85,7.56520e-01,7.46000e-01,5.13368e-03,5.54063e-03,0.08
300,86,7.54667e-01,7.41667e-01,5.13587e-03,5.51593e-03,0.08
300,87,7.55166e-01,7.41000e-01,5.13124e-03,5.52030e-03,0.08
300,88,7.55024e-01,7.43667e-01,5.12068e-03,5.52048e-03,0.08
300,89,7.55950e-01,7.43000e-01,5.12865e-03,5.51521e-03,0.08
300,90,7.54952e-01,7.41667e-01,5.12322e-03,5.50249e-03,0.08
300,91,7.54810e-01,7.46000e-01,5.12307e-03,5.51009e-03,0.08
300,92,7.55309e-01,7.43333e-01,5.11156e-03,5.51611e-03,0.08
300,93,7.57375e-01,7.45333e-01,5.11292e-03,5.52232e-03,0.12
300,94,7.55522e-01,7.41333e-01,5.10976e-03,5.51595e-03,0.13
300,95,7.57019e-01,7.43000e-01,5.10651e-03,5.49877e-03,0.08
300,96,7.57375e-01,7.49333e-01,5.10648e-03,5.50134e-03,0.08
300,97,7.56805e-01,7.47333e-01,5.10025e-03,5.49500e-03,0.08
300,98,7.58159e-01,7.46333e-01,5.10142e-03,5.48311e-03,0.08
300,99,7.57090e-01,7.46333e-01,5.09741e-03,5.50003e-03,0.08
300,100,7.59441e-01,7.46000e-01,5.09113e-03,5.47163e-03,0.08
300,101,7.58658e-01,7.44667e-01,5.09187e-03,5.48147e-03,0.08
300,102,7.56164e-01,7.47333e-01,5.09761e-03,5.50650e-03,0.08
300,103,7.55665e-01,7.45667e-01,5.09141e-03,5.49464e-03,0.08
300,104,7.56306e-01,7.55000e-01,5.08858e-03,5.49315e-03,0.08
300,105,7.57874e-01,7.51000e-01,5.08110e-03,5.48766e-03,0.08
300,106,7.60083e-01,7.54667e-01,5.08523e-03,5.48667e-03,0.08
300,107,7.58586e-01,7.49333e-01,5.07215e-03,5.45478e-03,0.08
300,108,7.58658e-01,7.45000e-01,5.07526e-03,5.47775e-03,0.08
300,109,7.60083e-01,7.46000e-01,5.06822e-03,5.47319e-03,0.08
300,110,7.58016e-01,7.52333e-01,5.07625e-03,5.47100e-03,0.08
300,111,7.59726e-01,7.48667e-01,5.07283e-03,5.45518e-03,0.08
300,112,7.58515e-01,7.49667e-01,5.06920e-03,5.45029e-03,0.09
300,113,7.59513e-01,7.48667e-01,5.06049e-03,5.44373e-03,0.08
300,114,7.56591e-01,7.46667e-01,5.06666e-03,5.50727e-03,0.08
300,115,7.59584e-01,7.48000e-01,5.06394e-03,5.44133e-03,0.08
300,116,7.59228e-01,7.57667e-01,5.05815e-03,5.44846e-03,0.08
300,117,7.58373e-01,7.46000e-01,5.05321e-03,5.45193e-03,0.10
300,118,7.59798e-01,7.45667e-01,5.05228e-03,5.45397e-03,0.09
300,119,7.60439e-01,7.52333e-01,5.05234e-03,5.43619e-03,0.08
300,120,7.60368e-01,7.53000e-01,5.04515e-03,5.45904e-03,0.08
300,121,7.58729e-01,7.49000e-01,5.05668e-03,5.44308e-03,0.08
300,122,7.61365e-01,7.48333e-01,5.03701e-03,5.44390e-03,0.08
300,123,7.61508e-01,7.50000e-01,5.05621e-03,5.47564e-03,0.10
300,124,7.61508e-01,7.46333e-01,5.04248e-03,5.43537e-03,0.08
300,125,7.60368e-01,7.53333e-01,5.04113e-03,5.42220e-03,0.08
300,126,7.61080e-01,7.46667e-01,5.03584e-03,5.50255e-03,0.08
300,127,7.59441e-01,7.56000e-01,5.03926e-03,5.43040e-03,0.08
300,128,7.60011e-01,7.51667e-01,5.03447e-03,5.42562e-03,0.08
300,129,7.59940e-01,7.47333e-01,5.03425e-03,5.43180e-03,0.08
300,130,7.60866e-01,7.44333e-01,5.02714e-03,5.42431e-03,0.08
300,131,7.61579e-01,7.59000e-01,5.03293e-03,5.43257e-03,0.08
300,132,7.61793e-01,7.51667e-01,5.02982e-03,5.47350e-03,0.08
300,133,7.61294e-01,7.50667e-01,5.02973e-03,5.41059e-03,0.08
300,134,7.61579e-01,7.53333e-01,5.02143e-03,5.42197e-03,0.08
300,135,7.60795e-01,7.52000e-01,5.02326e-03,5.41570e-03,0.08
300,136,7.62220e-01,7.51667e-01,5.01960e-03,5.45034e-03,0.08
300,137,7.60439e-01,7.52667e-01,5.01898e-03,5.39324e-03,0.08
300,138,7.60581e-01,7.53667e-01,5.01657e-03,5.42336e-03,0.08
300,139,7.61508e-01,7.61000e-01,5.02060e-03,5.41529e-03,0.08
300,140,7.63218e-01,7.50333e-01,5.01163e-03,5.43502e-03,0.08
300,141,7.63004e-01,7.52333e-01,5.00433e-03,5.40849e-03,0.08
300,142,7.60795e-01,7.54667e-01,5.01430e-03,5.39298e-03,0.08
300,143,7.62862e-01,7.53000e-01,5.00878e-03,5.38379e-03,0.10
300,144,7.62078e-01,7.55000e-01,5.00890e-03,5.39030e-03,0.08
300,145,7.61793e-01,7.50667e-01,5.01461e-03,5.41257e-03,0.08
300,146,7.61722e-01,7.54667e-01,5.00433e-03,5.39722e-03,0.08
300,147,7.63289e-01,7.55333e-01,5.00097e-03,5.42651e-03,0.08
300,148,7.61722e-01,7.57333e-01,5.00050e-03,5.38774e-03,0.08
300,149,7.61294e-01,7.52667e-01,4.99896e-03,5.37900e-03,0.08
300,150,7.62434e-01,7.52333e-01,4.99593e-03,5.39754e-03,0.08
300,151,7.62790e-01,7.57667e-01,4.99980e-03,5.38196e-03,0.08
300,152,7.63360e-01,7.56000e-01,4.99434e-03,5.37231e-03,0.08
300,153,7.62220e-01,7.55333e-01,5.00418e-03,5.37696e-03,0.08
300,154,7.61864e-01,7.55000e-01,4.98955e-03,5.40120e-03,0.08
300,155,7.62505e-01,7.56333e-01,4.98811e-03,5.40953e-03,0.08
300,156,7.61793e-01,7.55667e-01,4.98867e-03,5.37033e-03,0.08
300,157,7.64144e-01,7.54667e-01,4.98868e-03,5.36952e-03,0.08
300,158,7.62292e-01,7.51667e-01,4.98921e-03,5.37429e-03,0.08
300,159,7.63503e-01,7.55667e-01,4.98625e-03,5.36759e-03,0.08
300,160,7.63788e-01,7.57667e-01,4.98605e-03,5.37002e-03,0.08
300,161,7.61009e-01,7.56000e-01,4.98151e-03,5.37035e-03,0.08
300,162,7.63788e-01,7.49667e-01,4.97912e-03,5.39370e-03,0.08
300,163,7.62505e-01,7.57000e-01,4.98631e-03,5.36351e-03,0.08
300,164,7.63859e-01,7.54667e-01,4.97691e-03,5.36815e-03,0.08
300,165,7.63004e-01,7.57000e-01,4.98296e-03,5.36930e-03,0.08
300,166,7.64287e-01,7.54333e-01,4.97667e-03,5.37416e-03,0.08
300,167,7.62505e-01,7.52000e-01,4.97229e-03,5.40082e-03,0.08
300,168,7.63788e-01,7.57333e-01,4.97216e-03,5.35961e-03,0.08
300,169,7.63503e-01,7.55333e-01,4.97594e-03,5.36594e-03,0.10
300,170,7.63075e-01,7.53333e-01,4.96703e-03,5.35015e-03,0.08
300,171,7.64429e-01,7.58000e-01,4.97388e-03,5.35214e-03,0.08
300,172,7.63004e-01,7.52333e-01,4.97182e-03,5.35056e-03,0.08
300,173,7.63503e-01,7.51333e-01,4.96302e-03,5.34970e-03,0.08
300,174,7.63717e-01,7.55000e-01,4.96003e-03,5.34529e-03,0.08
300,175,7.64786e-01,7.56667e-01,4.96112e-03,5.34761e-03,0.08
300,176,7.62719e-01,7.57667e-01,4.97086e-03,5.36811e-03,0.08
300,177,7.63360e-01,7.54667e-01,4.96217e-03,5.34641e-03,0.08
300,178,7.63859e-01,7.59000e-01,4.95784e-03,5.36063e-03,0.08
300,179,7.64714e-01,7.61333e-01,4.96600e-03,5.34370e-03,0.08
300,180,7.65498e-01,7.57000e-01,4.95686e-03,5.36765e-03,0.08
300,181,7.64215e-01,7.54667e-01,4.96424e-03,5.35566e-03,0.08
300,182,7.63360e-01,7.58000e-01,4.95257e-03,5.34100e-03,0.08
300,183,7.63930e-01,7.57000e-01,4.95694e-03,5.33765e-03,0.08
300,184,7.65356e-01,7.55667e-01,4.95870e-03,5.35598e-03,0.08
300,185,7.64928e-01,7.53667e-01,4.96217e-03,5.36669e-03,0.08
300,186,7.63574e-01,7.52333e-01,4.95381e-03,5.34246e-03,0.08
300,187,7.66353e-01,7.56333e-01,4.95670e-03,5.33701e-03,0.08
300,188,7.64144e-01,7.60333e-01,4.95744e-03,5.33574e-03,0.08
300,189,7.64786e-01,7.57667e-01,4.94629e-03,5.36375e-03,0.08
300,190,7.66781e-01,7.61333e-01,4.94283e-03,5.34294e-03,0.08
300,191,7.63717e-01,7.62333e-01,4.94481e-03,5.32478e-03,0.08
300,192,7.65854e-01,7.56000e-01,4.93976e-03,5.33328e-03,0.08
300,193,7.67422e-01,7.58333e-01,4.95102e-03,5.34692e-03,0.08
300,194,7.67279e-01,7.58333e-01,4.93811e-03,5.32053e-03,0.08
300,195,7.66567e-01,7.58333e-01,4.94237e-03,5.31344e-03,0.08
300,196,7.63574e-01,7.60000e-01,4.93948e-03,5.32210e-03,0.08
300,197,7.65427e-01,7.60000e-01,4.93753e-03,5.32232e-03,0.08
300,198,7.66353e-01,7.59667e-01,4.93385e-03,5.36638e-03,0.08
300,199,7.66424e-01,7.64667e-01,4.94286e-03,5.35839e-03,0.08
300,200,7.67493e-01,7.56333e-01,4.92849e-03,5.32339e-03,0.08
400,1,4.82329e-01,6.66000e-01,1.11379e-02,8.65455e-03,0.15
400,2,6.99088e-01,7.07000e-01,7.47947e-03,7.16995e-03,0.16
400,3,7.21462e-01,7.25000e-01,6.52893e-03,6.57394e-03,0.13
400,4,7.34146e-01,7.33667e-01,6.06085e-03,6.20821e-03,0.14
400,5,7.42198e-01,7.43000e-01,5.77888e-03,5.95199e-03,0.16
400,6,7.47684e-01,7.47667e-01,5.58330e-03,5.77268e-03,0.15
400,7,7.54026e-01,7.50667e-01,5.45122e-03,5.66719e-03,0.15
400,8,7.56449e-01,7.49667e-01,5.33262e-03,5.55469e-03,0.15
400,9,7.59370e-01,7.53000e-01,5.25485e-03,5.48471e-03,0.14
400,10,7.63218e-01,7.60667e-01,5.17906e-03,5.41435e-03,0.14
400,11,7.64358e-01,7.53333e-01,5.11424e-03,5.34869e-03,0.14
400,12,7.66211e-01,7.69667e-01,5.05979e-03,5.38386e-03,0.08
400,13,7.68420e-01,7.62333e-01,5.02776e-03,5.27381e-03,0.08
400,14,7.69061e-01,7.64667e-01,4.98481e-03,5.24579e-03,0.08
400,15,7.70985e-01,7.62333e-01,4.94562e-03,5.20762e-03,0.08
400,16,7.72339e-01,7.61333e-01,4.90549e-03,5.17386e-03,0.08
400,17,7.74263e-01,7.72000e-01,4.88415e-03,5.15012e-03,0.08
400,18,7.76115e-01,7.70333e-01,4.85926e-03,5.11915e-03,0.08
400,19,7.74619e-01,7.73333e-01,4.83841e-03,5.08816e-03,0.08
400,20,7.76471e-01,7.74000e-01,4.81336e-03,5.09151e-03,0.08
400,21,7.75830e-01,7.75000e-01,4.80041e-03,5.04511e-03,0.08
400,22,7.78680e-01,7.74000e-01,4.77195e-03,5.03064e-03,0.08
400,23,7.80390e-01,7.75667e-01,4.75989e-03,5.01143e-03,0.08
400,24,7.80177e-01,7.78000e-01,4.73230e-03,5.00903e-03,0.08
400,25,7.81388e-01,7.72333e-01,4.71572e-03,5.00399e-03,0.08
400,26,7.82457e-01,7.79000e-01,4.70169e-03,4.98426e-03,0.08
400,27,7.82243e-01,7.78667e-01,4.69235e-03,4.97337e-03,0.08
400,28,7.83383e-01,7.77000e-01,4.68127e-03,4.96997e-03,0.08
400,29,7.82671e-01,7.76333e-01,4.66854e-03,4.94721e-03,0.08
400,30,7.84238e-01,7.79667e-01,4.64795e-03,4.92705e-03,0.08
400,31,7.84880e-01,7.82000e-01,4.63949e-03,4.91400e-03,0.08
400,32,7.85093e-01,7.75000e-01,4.62832e-03,4.92137e-03,0.08
400,33,7.87017e-01,7.79333e-01,4.61725e-03,4.89144e-03,0.08
400,34,7.86875e-01,7.78333e-01,4.60669e-03,4.88861e-03,0.08
400,35,7.88371e-01,7.78667e-01,4.60098e-03,4.89460e-03,0.08
400,36,7.88941e-01,7.80333e-01,4.58115e-03,4.88087e-03,0.08
400,37,7.86732e-01,7.83333e-01,4.57858e-03,4.88783e-03,0.08
400,38,7.88442e-01,7.80667e-01,4.56957e-03,4.87143e-03,0.08
400,39,7.89582e-01,7.83667e-01,4.56354e-03,4.84373e-03,0.08
400,40,7.88442e-01,7.80667e-01,4.54758e-03,4.83055e-03,0.08
400,41,7.89369e-01,7.81000e-01,4.54272e-03,4.85579e-03,0.08
400,42,7.88086e-01,7.79000e-01,4.54096e-03,4.85516e-03,0.08
400,43,7.91364e-01,7.81333e-01,4.52768e-03,4.84347e-03,0.08
400,44,7.92646e-01,7.82667e-01,4.51966e-03,4.82701e-03,0.08
400,45,7.92433e-01,7.81000e-01,4.51462e-03,4.80268e-03,0.08
400,46,7.92361e-01,7.83333e-01,4.49986e-03,4.80702e-03,0.10
400,47,7.90936e-01,7.85000e-01,4.50264e-03,4.80166e-03,0.11
400,48,7.93430e-01,7.78667e-01,4.48803e-03,4.82892e-03,0.12
400,49,7.91293e-01,7.85000e-01,4.48932e-03,4.80187e-03,0.11
400,50,7.94357e-01,7.83667e-01,4.47552e-03,4.77223e-03,0.12
400,51,7.92931e-01,7.83000e-01,4.46803e-03,4.78931e-03,0.13
400,52,7.94998e-01,7.82667e-01,4.46936e-03,4.77511e-03,0.12
400,53,7.95568e-01,7.85333e-01,4.45677e-03,4.75135e-03,0.12
400,54,7.95924e-01,7.84000e-01,4.44715e-03,4.74980e-03,0.14
400,55,7.94713e-01,7.84667e-01,4.44966e-03,4.75790e-03,0.16
400,56,7.94998e-01,7.83333e-01,4.44017e-03,4.75155e-03,0.13
400,57,7.96138e-01,7.87667e-01,4.43623e-03,4.73656e-03,0.13
400,58,7.94357e-01,7.84333e-01,4.43075e-03,4.73508e-03,0.14
400,59,7.94072e-01,7.82333e-01,4.42109e-03,4.77029e-03,0.16
400,60,7.96352e-01,7.88000e-01,4.41676e-03,4.72911e-03,0.15
400,61,7.97777e-01,7.82000e-01,4.41955e-03,4.76791e-03,0.16
400,62,7.96922e-01,7.87333e-01,4.40740e-03,4.71699e-03,0.15
400,63,7.97349e-01,7.86333e-01,4.40317e-03,4.70719e-03,0.14
400,64,7.98062e-01,7.87333e-01,4.39967e-03,4.71785e-03,0.14
400,65,7.97563e-01,7.82667e-01,4.39398e-03,4.73010e-03,0.15
400,66,7.96922e-01,7.84000e-01,4.39170e-03,4.72065e-03,0.14
400,67,7.97064e-01,7.87333e-01,4.38942e-03,4.70804e-03,0.15
400,68,7.96280e-01,7.86667e-01,4.38917e-03,4.69333e-03,0.14
400,69,7.99131e-01,7.85333e-01,4.38052e-03,4.71456e-03,0.14
400,70,7.97278e-01,7.87333e-01,4.37919e-03,4.68686e-03,0.16
400,71,7.96708e-01,7.86667e-01,4.37245e-03,4.71471e-03,0.14
400,72,7.99059e-01,7.88333e-01,4.36715e-03,4.71935e-03,0.14
400,73,7.98917e-01,7.86667e-01,4.36148e-03,4.67317e-03,0.15
400,74,7.98204e-01,7.85000e-01,4.35671e-03,4.67414e-03,0.16
400,75,7.98561e-01,7.88000e-01,4.34774e-03,4.67018e-03,0.16
400,76,7.98133e-01,7.92000e-01,4.35059e-03,4.66967e-03,0.14
400,77,8.00057e-01,7.87000e-01,4.34881e-03,4.66967e-03,0.14
400,78,8.00485e-01,7.91333e-01,4.34771e-03,4.66742e-03,0.15
400,79,7.99701e-01,7.89000e-01,4.33874e-03,4.65597e-03,0.15
400,80,7.99914e-01,7.89000e-01,4.34415e-03,4.65750e-03,0.15
400,81,7.99059e-01,7.88333e-01,4.33665e-03,4.69563e-03,0.15
400,82,7.99558e-01,7.89667e-01,4.33045e-03,4.65772e-03,0.14
400,83,8.01482e-01,7.88667e-01,4.32174e-03,4.67604e-03,0.14
400,84,8.02195e-01,7.85667e-01,4.33288e-03,4.67882e-03,0.14
400,85,8.01910e-01,7.93000e-01,4.32578e-03,4.66131e-03,0.15
400,86,7.99986e-01,7.88333e-01,4.31892e-03,4.65373e-03,0.16
400,87,8.02408e-01,7.87000e-01,4.31018e-03,4.63175e-03,0.14
400,88,8.00485e-01,7.88333e-01,4.31273e-03,4.63255e-03,0.12
400,89,8.02765e-01,7.87000e-01,4.30755e-03,4.62523e-03,0.12
400,90,8.00342e-01,7.91000e-01,4.30405e-03,4.62860e-03,0.10
400,91,8.00912e-01,7.94667e-01,4.30466e-03,4.65454e-03,0.12
400,92,8.01910e-01,7.90667e-01,4.30137e-03,4.62512e-03,0.15
400,93,8.02408e-01,7.86000e-01,4.29587e-03,4.61709e-03,0.14
400,94,8.04190e-01,7.90333e-01,4.29667e-03,4.61849e-03,0.17
400,95,8.02978e-01,7.88333e-01,4.30373e-03,4.61911e-03,0.13
400,96,8.03121e-01,7.84333e-01,4.28805e-03,4.65663e-03,0.16
400,97,8.02836e-01,7.89000e-01,4.28557e-03,4.61975e-03,0.13
400,98,8.01055e-01,7.88333e-01,4.29198e-03,4.61852e-03,0.14
400,99,8.02551e-01,7.92000e-01,4.27766e-03,4.61807e-03,0.14
400,100,8.01553e-01,7.87000e-01,4.28062e-03,4.64331e-03,0.15
400,101,8.04261e-01,7.91000e-01,4.27543e-03,4.60574e-03,0.15
400,102,8.04831e-01,7.89000e-01,4.27720e-03,4.60862e-03,0.14
400,103,8.05900e-01,7.93667e-01,4.26581e-03,4.61175e-03,0.14
400,104,8.02978e-01,7.89000e-01,4.26395e-03,4.59277e-03,0.16
400,105,8.04119e-01,7.92000e-01,4.26201e-03,4.61554e-03,0.15
400,106,8.02836e-01,7.93000e-01,4.26587e-03,4.60842e-03,0.14
400,107,8.04475e-01,7.90000e-01,4.25681e-03,4.58403e-03,0.14
400,108,8.04831e-01,7.89000e-01,4.25842e-03,4.59229e-03,0.15
400,109,8.04617e-01,7.91667e-01,4.25498e-03,4.59119e-03,0.15
400,110,8.04760e-01,7.88667e-01,4.25394e-03,4.58544e-03,0.13
400,111,8.03762e-01,7.86667e-01,4.25100e-03,4.58565e-03,0.15
400,112,8.03192e-01,7.92333e-01,4.24601e-03,4.58410e-03,0.14
400,113,8.04475e-01,7.88333e-01,4.25030e-03,4.57206e-03,0.16
400,114,8.03264e-01,7.93333e-01,4.25357e-03,4.61171e-03,0.14
400,115,8.03549e-01,7.93333e-01,4.24705e-03,4.58352e-03,0.15
400,116,8.05045e-01,7.90000e-01,4.25276e-03,4.58122e-03,0.14
400,117,8.05829e-01,7.89667e-01,4.24102e-03,4.57608e-03,0.16
400,118,8.02408e-01,7.87333e-01,4.23407e-03,4.58741e-03,0.13
400,119,8.04831e-01,7.90333e-01,4.22650e-03,4.58554e-03,0.15
400,120,8.06470e-01,7.91667e-01,4.22948e-03,4.57703e-03,0.15
400,121,8.04902e-01,7.91000e-01,4.23513e-03,4.58103e-03,0.14
400,122,8.04831e-01,7.94000e-01,4.22706e-03,4.57892e-03,0.14
400,123,8.06327e-01,7.89333e-01,4.22292e-03,4.56898e-03,0.15
400,124,8.06470e-01,7.93667e-01,4.22149e-03,4.58450e-03,0.15
400,125,8.07040e-01,7.92667e-01,4.23246e-03,4.56669e-03,0.14
400,126,8.06256e-01,7.92333e-01,4.22027e-03,4.54679e-03,0.15
400,127,8.06114e-01,7.91000e-01,4.21808e-03,4.57243e-03,0.15
400,128,8.06755e-01,7.95000e-01,4.21623e-03,4.55875e-03,0.14
400,129,8.06826e-01,7.96667e-01,4.21870e-03,4.57464e-03,0.13
400,130,8.06613e-01,7.92667e-01,4.21145e-03,4.55643e-03,0.14
400,131,8.06399e-01,7.93333e-01,4.21372e-03,4.55251e-03,0.14
400,132,8.05757e-01,7.97333e-01,4.21359e-03,4.57866e-03,0.14
400,133,8.06399e-01,7.91333e-01,4.20813e-03,4.57006e-03,0.14
400,134,8.05259e-01,7.91667e-01,4.21291e-03,4.54669e-03,0.16
400,135,8.06541e-01,7.94000e-01,4.20594e-03,4.56987e-03,0.14
400,136,8.06684e-01,7.95667e-01,4.21050e-03,4.55886e-03,0.14
400,137,8.08180e-01,7.96000e-01,4.19339e-03,4.54377e-03,0.16
400,138,8.06327e-01,7.89667e-01,4.20276e-03,4.53727e-03,0.15
400,139,8.08465e-01,7.91000e-01,4.19752e-03,4.54164e-03,0.16
400,140,8.08180e-01,7.90000e-01,4.20083e-03,4.56272e-03,0.14
400,141,8.08750e-01,7.92333e-01,4.19842e-03,4.53578e-03,0.14
400,142,8.08323e-01,7.90333e-01,4.19961e-03,4.53778e-03,0.15
400,143,8.07753e-01,7.90000e-01,4.19073e-03,4.52697e-03,0.14
400,144,8.08536e-01,7.90667e-01,4.18956e-03,4.57023e-03,0.14
400,145,8.08679e-01,7.94000e-01,4.19199e-03,4.54915e-03,0.14
400,146,8.08821e-01,7.89667e-01,4.18715e-03,4.52640e-03,0.14
400,147,8.08821e-01,7.91333e-01,4.18614e-03,4.52925e-03,0.15
400,148,8.06969e-01,7.93667e-01,4.18190e-03,4.54834e-03,0.15
400,149,8.09819e-01,7.89667e-01,4.18080e-03,4.51945e-03,0.14
400,150,8.09320e-01,7.92667e-01,4.18377e-03,4.52650e-03,0.15
400,151,8.09178e-01,7.91667e-01,4.18065e-03,4.53395e-03,0.14
400,152,8.08964e-01,7.93000e-01,4.17525e-03,4.56730e-03,0.14
400,153,8.06969e-01,7.91000e-01,4.17820e-03,4.50989e-03,0.15
400,154,8.06613e-01,7.94667e-01,4.17900e-03,4.53040e-03,0.15
400,155,8.08251e-01,7.92000e-01,4.17463e-03,4.50327e-03,0.14
400,156,8.07895e-01,7.93333e-01,4.16978e-03,4.51939e-03,0.15
400,157,8.07966e-01,7.91000e-01,4.17317e-03,4.50934e-03,0.16
400,158,8.07539e-01,7.93000e-01,4.17315e-03,4.54318e-03,0.15
400,159,8.07753e-01,7.89667e-01,4.16869e-03,4.50835e-03,0.14
400,160,8.10033e-01,7.92667e-01,4.16518e-03,4.53745e-03,0.15
400,161,8.06898e-01,7.92333e-01,4.17267e-03,4.53845e-03,0.13
400,162,8.07539e-01,7.95000e-01,4.16598e-03,4.50187e-03,0.16
400,163,8.09819e-01,7.98333e-01,4.17063e-03,4.52810e-03,0.14
400,164,8.08679e-01,7.97333e-01,4.16266e-03,4.50475e-03,0.14
400,165,8.10033e-01,7.98333e-01,4.16405e-03,4.55861e-03,0.14
400,166,8.10603e-01,7.93000e-01,4.15938e-03,4.49874e-03,0.14
400,167,8.08180e-01,7.98000e-01,4.16094e-03,4.52837e-03,0.14
400,168,8.10674e-01,7.94000e-01,4.15972e-03,4.50326e-03,0.15
400,169,8.10175e-01,7.94667e-01,4.15913e-03,4.49706e-03,0.14
400,170,8.10817e-01,7.93667e-01,4.15635e-03,4.49600e-03,0.14
400,171,8.08964e-01,7.92333e-01,4.15269e-03,4.50059e-03,0.15
400,172,8.08964e-01,7.95667e-01,4.15269e-03,4.50781e-03,0.14
400,173,8.09748e-01,7.93000e-01,4.15039e-03,4.53679e-03,0.15
400,174,8.09890e-01,7.96000e-01,4.14883e-03,4.50535e-03,0.14
400,175,8.11244e-01,7.96667e-01,4.14962e-03,4.50308e-03,0.14
400,176,8.10104e-01,7.92000e-01,4.15165e-03,4.48890e-03,0.13
400,177,8.09249e-01,7.91667e-01,4.15294e-03,4.50309e-03,0.15
400,178,8.08964e-01,7.95000e-01,4.15146e-03,4.50048e-03,0.14
400,179,8.10033e-01,7.95667e-01,4.14388e-03,4.47859e-03,0.12
400,180,8.11030e-01,7.97667e-01,4.14020e-03,4.50950e-03,0.11
400,181,8.09534e-01,7.97000e-01,4.13969e-03,4.49498e-03,0.14
400,182,8.09605e-01,7.92667e-01,4.13507e-03,4.49995e-03,0.12
400,183,8.09391e-01,7.93667e-01,4.13698e-03,4.47713e-03,0.12
400,184,8.10959e-01,7.93000e-01,4.13835e-03,4.48008e-03,0.12
400,185,8.10817e-01,7.92333e-01,4.13644e-03,4.47108e-03,0.14
400,186,8.11173e-01,7.92000e-01,4.12932e-03,4.46990e-03,0.15
400,187,8.08608e-01,7.95000e-01,4.13715e-03,4.47127e-03,0.15
400,188,8.10745e-01,7.97667e-01,4.13271e-03,4.48213e-03,0.15
400,189,8.11885e-01,7.95000e-01,4.13190e-03,4.46829e-03,0.15
400,190,8.12170e-01,7.94667e-01,4.13489e-03,4.46772e-03,0.13
400,191,8.09676e-01,7.94333e-01,4.14132e-03,4.48011e-03,0.14
400,192,8.12028e-01,7.95000e-01,4.12825e-03,4.48118e-03,0.16
400,193,8.10033e-01,7.98333e-01,4.12743e-03,4.47386e-03,0.14
400,194,8.10175e-01,7.94333e-01,4.12531e-03,4.46328e-03,0.14
400,195,8.11244e-01,7.99667e-01,4.12639e-03,4.48539e-03,0.14
400,196,8.10888e-01,7.98333e-01,4.11725e-03,4.47181e-03,0.14
400,197,8.11387e-01,7.94000e-01,4.11628e-03,4.46548e-03,0.16
400,198,8.10318e-01,7.99000e-01,4.12269e-03,4.49467e-03,0.14
400,199,8.11315e-01,7.96333e-01,4.11770e-03,4.48360e-03,0.13
400,200,8.13026e-01,7.97000e-01,4.12013e-03,4.46573e-03,0.08
500,1,5.40758e-01,6.69667e-01,1.02707e-02,8.39925e-03,0.08
500,2,7.20465e-01,7.34667e-01,7.20392e-03,6.91314e-03,0.08
500,3,7.45974e-01,7.50000e-01,6.21056e-03,6.21432e-03,0.08
500,4,7.57090e-01,7.59667e-01,5.71457e-03,5.83387e-03,0.08
500,5,7.64786e-01,7.71667e-01,5.41452e-03,5.57063e-03,0.08
500,6,7.71911e-01,7.69667e-01,5.20777e-03,5.38259e-03,0.08
500,7,7.76543e-01,7.73000e-01,5.05252e-03,5.24359e-03,0.08
500,8,7.79607e-01,7.73667e-01,4.93550e-03,5.14813e-03,0.08
500,9,7.81958e-01,7.83333e-01,4.85799e-03,5.04071e-03,0.08
500,10,7.85236e-01,7.84333e-01,4.78464e-03,4.96417e-03,0.08
500,11,7.87516e-01,7.86000e-01,4.71157e-03,4.91116e-03,0.08
500,12,7.88727e-01,7.91000e-01,4.66333e-03,4.86624e-03,0.08
500,13,7.92361e-01,7.90667e-01,4.61962e-03,4.81285e-03,0.08
500,14,7.93715e-01,7.88333e-01,4.57646e-03,4.78666e-03,0.08
500,15,7.94072e-01,7.91333e-01,4.53377e-03,4.74970e-03,0.08
500,16,7.96067e-01,7.90000e-01,4.50125e-03,4.72022e-03,0.08
500,17,7.97991e-01,7.90000e-01,4.47359e-03,4.68793e-03,0.08
500,18,8.00128e-01,7.94000e-01,4.44844e-03,4.66837e-03,0.08
500,19,8.00057e-01,7.93667e-01,4.42968e-03,4.65962e-03,0.08
500,20,8.00271e-01,7.95333e-01,4.40473e-03,4.62708e-03,0.08
500,21,8.01625e-01,7.97000e-01,4.38888e-03,4.60897e-03,0.08
500,22,8.02195e-01,7.96333e-01,4.36300e-03,4.60096e-03,0.08
500,23,8.01055e-01,7.96667e-01,4.35240e-03,4.57594e-03,0.08
500,24,8.03762e-01,7.96667e-01,4.33647e-03,4.54830e-03,0.08
500,25,8.03976e-01,7.97000e-01,4.31893e-03,4.55828e-03,0.08
500,26,8.04332e-01,7.97667e-01,4.29839e-03,4.55732e-03,0.08
500,27,8.04047e-01,7.99667e-01,4.29535e-03,4.53241e-03,0.08
500,28,8.06327e-01,8.01333e-01,4.28020e-03,4.51029e-03,0.08
500,29,8.05971e-01,7.99667e-01,4.27262e-03,4.52107e-03,0.08
500,30,8.05686e-01,8.00000e-01,4.25756e-03,4.48176e-03,0.08
500,31,8.05900e-01,7.99333e-01,4.24504e-03,4.48864e-03,0.08
500,32,8.07610e-01,8.01667e-01,4.23479e-03,4.47992e-03,0.08
500,33,8.07539e-01,8.01667e-01,4.21884e-03,4.46363e-03,0.08
500,34,8.08109e-01,8.02667e-01,4.21569e-03,4.46016e-03,0.08
500,35,8.07824e-01,7.98667e-01,4.19848e-03,4.46496e-03,0.08
500,36,8.07468e-01,8.02333e-01,4.19055e-03,4.42896e-03,0.08
500,37,8.10175e-01,8.02667e-01,4.17980e-03,4.42309e-03,0.08
500,38,8.10532e-01,8.01667e-01,4.17599e-03,4.41538e-03,0.08
500,39,8.09676e-01,8.03333e-01,4.16849e-03,4.40425e-03,0.08
500,40,8.09819e-01,8.02000e-01,4.16235e-03,4.40257e-03,0.08
500,41,8.10959e-01,8.07000e-01,4.14864e-03,4.43290e-03,0.08
500,42,8.11030e-01,8.06667e-01,4.14507e-03,4.40221e-03,0.08
500,43,8.10745e-01,8.04667e-01,4.13635e-03,4.38138e-03,0.08
500,44,8.09676e-01,8.04333e-01,4.13006e-03,4.38063e-03,0.08
500,45,8.12883e-01,8.04667e-01,4.12939e-03,4.39027e-03,0.08
500,46,8.12170e-01,8.07667e-01,4.11893e-03,4.36136e-03,0.08
500,47,8.12313e-01,8.08000e-01,4.10700e-03,4.38038e-03,0.08
500,48,8.14094e-01,8.07000e-01,4.10496e-03,4.35986e-03,0.08
500,49,8.13311e-01,8.05333e-01,4.10622e-03,4.35683e-03,0.08
500,50,8.13809e-01,8.06333e-01,4.09896e-03,4.37917e-03,0.08
500,51,8.14023e-01,8.06667e-01,4.08332e-03,4.37376e-03,0.08
500,52,8.12954e-01,8.10000e-01,4.08065e-03,4.34930e-03,0.08
500,53,8.13168e-01,8.06333e-01,4.08139e-03,4.36386e-03,0.08
500,54,8.14094e-01,8.11333e-01,4.07592e-03,4.34091e-03,0.08
500,55,8.16089e-01,8.09000e-01,4.06938e-03,4.31908e-03,0.08
500,56,8.16018e-01,8.10667e-01,4.06609e-03,4.33347e-03,0.11
500,57,8.16588e-01,8.11333e-01,4.05352e-03,4.33817e-03,0.08
500,58,8.15733e-01,8.11333e-01,4.05481e-03,4.30826e-03,0.08
500,59,8.16802e-01,8.09667e-01,4.05454e-03,4.30636e-03,0.08
500,60,8.16588e-01,8.12000e-01,4.04535e-03,4.30212e-03,0.08
500,61,8.17158e-01,8.12667e-01,4.04084e-03,4.30062e-03,0.08
500,62,8.16802e-01,8.10000e-01,4.03681e-03,4.28556e-03,0.08
500,63,8.17728e-01,8.11667e-01,4.02875e-03,4.28827e-03,0.08
500,64,8.17800e-01,8.12000e-01,4.02287e-03,4.28490e-03,0.08
500,65,8.17871e-01,8.10333e-01,4.02271e-03,4.27781e-03,0.08
500,66,8.18441e-01,8.14000e-01,4.01229e-03,4.29406e-03,0.08
500,67,8.17158e-01,8.13333e-01,4.00650e-03,4.27358e-03,0.08
500,68,8.18156e-01,8.15000e-01,4.00781e-03,4.26829e-03,0.08
500,69,8.19581e-01,8.11000e-01,4.00643e-03,4.31721e-03,0.08
500,70,8.17728e-01,8.13333e-01,4.00476e-03,4.28088e-03,0.08
500,71,8.19153e-01,8.15000e-01,3.99737e-03,4.26824e-03,0.08
500,72,8.18512e-01,8.14000e-01,3.98903e-03,4.27822e-03,0.08
500,73,8.19652e-01,8.14000e-01,3.98789e-03,4.28255e-03,0.08
500,74,8.19296e-01,8.14667e-01,3.98868e-03,4.24794e-03,0.08
500,75,8.19937e-01,8.15667e-01,3.98017e-03,4.26196e-03,0.08
500,76,8.20507e-01,8.13667e-01,3.98227e-03,4.28036e-03,0.08
500,77,8.20080e-01,8.15667e-01,3.97595e-03,4.25102e-03,0.08
500,78,8.19652e-01,8.13000e-01,3.97188e-03,4.24754e-03,0.08
500,79,8.19082e-01,8.14000e-01,3.97710e-03,4.24856e-03,0.08
500,80,8.20507e-01,8.15333e-01,3.96111e-03,4.26178e-03,0.08
500,81,8.19795e-01,8.14333e-01,3.96282e-03,4.22550e-03,0.08
500,82,8.20294e-01,8.16667e-01,3.95969e-03,4.23727e-03,0.08
500,83,8.21647e-01,8.12333e-01,3.95624e-03,4.23276e-03,0.08
500,84,8.21362e-01,8.14667e-01,3.95379e-03,4.24173e-03,0.08
500,85,8.20864e-01,8.15000e-01,3.94919e-03,4.21111e-03,0.08
500,86,8.19937e-01,8.12667e-01,3.95204e-03,4.22479e-03,0.08
500,87,8.21861e-01,8.12667e-01,3.95028e-03,4.25993e-03,0.08
500,88,8.21719e-01,8.15667e-01,3.94431e-03,4.22585e-03,0.08
500,89,8.23144e-01,8.16000e-01,3.93617e-03,4.22310e-03,0.08
500,90,8.21291e-01,8.17667e-01,3.94222e-03,4.21283e-03,0.08
500,91,8.20935e-01,8.18000e-01,3.93944e-03,4.21562e-03,0.08
500,92,8.21932e-01,8.15667e-01,3.93107e-03,4.21542e-03,0.08
500,93,8.23429e-01,8.16667e-01,3.92864e-03,4.22224e-03,0.08
500,94,8.22360e-01,8.15333e-01,3.92621e-03,4.20034e-03,0.08
500,95,8.23999e-01,8.16000e-01,3.92268e-03,4.19487e-03,0.08
500,96,8.23001e-01,8.17000e-01,3.91767e-03,4.19080e-03,0.08
500,97,8.23001e-01,8.16000e-01,3.92027e-03,4.20954e-03,0.08
500,98,8.22574e-01,8.17333e-01,3.91325e-03,4.18768e-03,0.08
500,99,8.22431e-01,8.18667e-01,3.91343e-03,4.18968e-03,0.08
500,100,8.21790e-01,8.16333e-01,3.91010e-03,4.20200e-03,0.08
500,101,8.23785e-01,8.15667e-01,3.91446e-03,4.19291e-03,0.08
500,102,8.23785e-01,8.16333e-01,3.90134e-03,4.18915e-03,0.08
500,103,8.24498e-01,8.19667e-01,3.89858e-03,4.17767e-03,0.08
500,104,8.22788e-01,8.15667e-01,3.90696e-03,4.17035e-03,0.08
500,105,8.23928e-01,8.17667e-01,3.89772e-03,4.17898e-03,0.08
500,106,8.23999e-01,8.16000e-01,3.89381e-03,4.19158e-03,0.08
500,107,8.23500e-01,8.17667e-01,3.89365e-03,4.17500e-03,0.08
500,108,8.23714e-01,8.15667e-01,3.89658e-03,4.16524e-03,0.08
500,109,8.24141e-01,8.16667e-01,3.89830e-03,4.16458e-03,0.08
500,110,8.23856e-01,8.16333e-01,3.88542e-03,4.15861e-03,0.08
500,111,8.25353e-01,8.18667e-01,3.88098e-03,4.18382e-03,0.08
500,112,8.23643e-01,8.17000e-01,3.88564e-03,4.18600e-03,0.08
500,113,8.24783e-01,8.18000e-01,3.88543e-03,4.17852e-03,0.08
500,114,8.23856e-01,8.18333e-01,3.88361e-03,4.16419e-03,0.08
500,115,8.25780e-01,8.19333e-01,3.87534e-03,4.16169e-03,0.08
500,116,8.25566e-01,8.17333e-01,3.87496e-03,4.15453e-03,0.08
500,117,8.23500e-01,8.16667e-01,3.87630e-03,4.16572e-03,0.08
500,118,8.25068e-01,8.15333e-01,3.87612e-03,4.16926e-03,0.08
500,119,8.24640e-01,8.20000e-01,3.87151e-03,4.15141e-03,0.08
500,120,8.25780e-01,8.17667e-01,3.86626e-03,4.14304e-03,0.08
500,121,8.24854e-01,8.16667e-01,3.87034e-03,4.16094e-03,0.08
500,122,8.25852e-01,8.17667e-01,3.86558e-03,4.13938e-03,0.08
500,123,8.24355e-01,8.16333e-01,3.86258e-03,4.14084e-03,0.08
500,124,8.26350e-01,8.17000e-01,3.85662e-03,4.13569e-03,0.08
500,125,8.24355e-01,8.19667e-01,3.85686e-03,4.15684e-03,0.08
500,126,8.26920e-01,8.21000e-01,3.86010e-03,4.14436e-03,0.08
500,127,8.26635e-01,8.18667e-01,3.85432e-03,4.14296e-03,0.08
500,128,8.25566e-01,8.18667e-01,3.85606e-03,4.13757e-03,0.08
500,129,8.25852e-01,8.18333e-01,3.84769e-03,4.12972e-03,0.08
500,130,8.26992e-01,8.20333e-01,3.85166e-03,4.13170e-03,0.08
500,131,8.26564e-01,8.18333e-01,3.84469e-03,4.12291e-03,0.08
500,132,8.26137e-01,8.16667e-01,3.84150e-03,4.16476e-03,0.08
500,133,8.26849e-01,8.20333e-01,3.84790e-03,4.12166e-03,0.08
500,134,8.26422e-01,8.18667e-01,3.84402e-03,4.11818e-03,0.08
500,135,8.27348e-01,8.19000e-01,3.84524e-03,4.12113e-03,0.08
500,136,8.25923e-01,8.18333e-01,3.83538e-03,4.15397e-03,0.08
500,137,8.28345e-01,8.18667e-01,3.83524e-03,4.11454e-03,0.08
500,138,8.26350e-01,8.18667e-01,3.83575e-03,4.11988e-03,0.08
500,139,8.25923e-01,8.17333e-01,3.83179e-03,4.15036e-03,0.08
500,140,8.27775e-01,8.18333e-01,3.82758e-03,4.14535e-03,0.08
500,141,8.28132e-01,8.20000e-01,3.82496e-03,4.11845e-03,0.08
500,142,8.27348e-01,8.18333e-01,3.82344e-03,4.10815e-03,0.08
500,143,8.26849e-01,8.21333e-01,3.82233e-03,4.10804e-03,0.08
500,144,8.27989e-01,8.18667e-01,3.82750e-03,4.10807e-03,0.08
500,145,8.26992e-01,8.19000e-01,3.82416e-03,4.12386e-03,0.08
500,146,8.27205e-01,8.19333e-01,3.82495e-03,4.12807e-03,0.08
500,147,8.26992e-01,8.19333e-01,3.81904e-03,4.10056e-03,0.08
500,148,8.27134e-01,8.18667e-01,3.81339e-03,4.13494e-03,0.08
500,149,8.26422e-01,8.16333e-01,3.81638e-03,4.13186e-03,0.08
500,150,8.29201e-01,8.19667e-01,3.81415e-03,4.10921e-03,0.08
500,151,8.28060e-01,8.19667e-01,3.81640e-03,4.09904e-03,0.08
500,152,8.27277e-01,8.20000e-01,3.81634e-03,4.10584e-03,0.08
500,153,8.29201e-01,8.19667e-01,3.81024e-03,4.10009e-03,0.08
500,154,8.28274e-01,8.18667e-01,3.81617e-03,4.10199e-03,0.08
500,155,8.28417e-01,8.19333e-01,3.80772e-03,4.09048e-03,0.08
500,156,8.27847e-01,8.20000e-01,3.80619e-03,4.08882e-03,0.08
500,157,8.28844e-01,8.21000e-01,3.80767e-03,4.10101e-03,0.08
500,158,8.28630e-01,8.21333e-01,3.80149e-03,4.09880e-03,0.08
500,159,8.28559e-01,8.19667e-01,3.80525e-03,4.09315e-03,0.08
500,160,8.28345e-01,8.19667e-01,3.80448e-03,4.09376e-03,0.08
500,161,8.28132e-01,8.20667e-01,3.79728e-03,4.09471e-03,0.08
500,162,8.28987e-01,8.21000e-01,3.79804e-03,4.08612e-03,0.08
500,163,8.29201e-01,8.20667e-01,3.79803e-03,4.08979e-03,0.08
500,164,8.29771e-01,8.19333e-01,3.79457e-03,4.08226e-03,0.08
500,165,8.28060e-01,8.21333e-01,3.79130e-03,4.08557e-03,0.08
500,166,8.29414e-01,8.18667e-01,3.78615e-03,4.08381e-03,0.08
500,167,8.29129e-01,8.21000e-01,3.79104e-03,4.07457e-03,0.08
500,168,8.27704e-01,8.21000e-01,3.78984e-03,4.07594e-03,0.08
500,169,8.30982e-01,8.21000e-01,3.79185e-03,4.09960e-03,0.08
500,170,8.28060e-01,8.19000e-01,3.79076e-03,4.10081e-03,0.08
500,171,8.28345e-01,8.21333e-01,3.79324e-03,4.10680e-03,0.08
500,172,8.29771e-01,8.18000e-01,3.78102e-03,4.07053e-03,0.08
500,173,8.29272e-01,8.17667e-01,3.78751e-03,4.07188e-03,0.08
500,174,8.29272e-01,8.23000e-01,3.78657e-03,4.07387e-03,0.08
500,175,8.29414e-01,8.21667e-01,3.78205e-03,4.07698e-03,0.08
500,176,8.29699e-01,8.17667e-01,3.77789e-03,4.07406e-03,0.08
500,177,8.29414e-01,8.19000e-01,3.78581e-03,4.08228e-03,0.08
500,178,8.29984e-01,8.22333e-01,3.78253e-03,4.08178e-03,0.08
500,179,8.27775e-01,8.18000e-01,3.77646e-03,4.09900e-03,0.08
500,180,8.29842e-01,8.19667e-01,3.77472e-03,4.08179e-03,0.08
500,181,8.30127e-01,8.21000e-01,3.77403e-03,4.06611e-03,0.08
500,182,8.30982e-01,8.21333e-01,3.77618e-03,4.06335e-03,0.08
500,183,8.28987e-01,8.20667e-01,3.77677e-03,4.05614e-03,0.08
500,184,8.30269e-01,8.22333e-01,3.77096e-03,4.06155e-03,0.10
500,185,8.29486e-01,8.20333e-01,3.77309e-03,4.05745e-03,0.08
500,186,8.29557e-01,8.22000e-01,3.76641e-03,4.06151e-03,0.08
500,187,8.30412e-01,8.22000e-01,3.77211e-03,4.05217e-03,0.08
500,188,8.28203e-01,8.20000e-01,3.76761e-03,4.05525e-03,0.08
500,189,8.30982e-01,8.21000e-01,3.76426e-03,4.07046e-03,0.08
500,190,8.30911e-01,8.23000e-01,3.76816e-03,4.08493e-03,0.08
500,191,8.31124e-01,8.21667e-01,3.76446e-03,4.05299e-03,0.08
500,192,8.29557e-01,8.21333e-01,3.76380e-03,4.06040e-03,0.08
500,193,8.30554e-01,8.20333e-01,3.76256e-03,4.07033e-03,0.08
500,194,8.30554e-01,8.20000e-01,3.76405e-03,4.06217e-03,0.08
500,195,8.30982e-01,8.21000e-01,3.75903e-03,4.05224e-03,0.08
500,196,8.29699e-01,8.21000e-01,3.75050e-03,4.06286e-03,0.08
500,197,8.31196e-01,8.20333e-01,3.75643e-03,4.04842e-03,0.08
500,198,8.30982e-01,8.22667e-01,3.75051e-03,4.05906e-03,0.08
500,199,8.29771e-01,8.21000e-01,3.76108e-03,4.04661e-03,0.08
500,200,8.30982e-01,8.22667e-01,3.75301e-03,4.07346e-03,0.08
