pretrain_checkpoint_epoch,epoch,train_accuracy,val_accuracy,loss,val_loss,time
300,1,4.51285e-01,4.65200e-01,1.80207e-02,1.69615e-02,1.77
300,2,5.69515e-01,4.87800e-01,1.30161e-02,1.58717e-02,1.64
300,3,5.97900e-01,5.06800e-01,1.19914e-02,1.53376e-02,1.63
300,4,6.13477e-01,5.09400e-01,1.14025e-02,1.50352e-02,1.63
300,5,6.25946e-01,5.21800e-01,1.10023e-02,1.48119e-02,1.63
300,6,6.34154e-01,5.26400e-01,1.07077e-02,1.45623e-02,1.63
300,7,6.40885e-01,5.32400e-01,1.04706e-02,1.44770e-02,1.63
300,8,6.46062e-01,5.32800e-01,1.02745e-02,1.45255e-02,1.63
300,9,6.50462e-01,5.29200e-01,1.01142e-02,1.43583e-02,1.64
300,10,6.54769e-01,5.34800e-01,9.97830e-03,1.43790e-02,1.63
300,11,6.58323e-01,5.38600e-01,9.85523e-03,1.43312e-02,1.63
300,12,6.61108e-01,5.40000e-01,9.74624e-03,1.43049e-02,1.63
300,13,6.64423e-01,5.38600e-01,9.65796e-03,1.43096e-02,1.63
300,14,6.66477e-01,5.39200e-01,9.57615e-03,1.42934e-02,1.63
300,15,6.68831e-01,5.40600e-01,9.49478e-03,1.42007e-02,1.64
300,16,6.71223e-01,5.44000e-01,9.42667e-03,1.42595e-02,1.63
300,17,6.72546e-01,5.40000e-01,9.36507e-03,1.42070e-02,1.63
300,18,6.74008e-01,5.46400e-01,9.30777e-03,1.41902e-02,1.63
300,19,6.75608e-01,5.43200e-01,9.25716e-03,1.42568e-02,1.63
300,20,6.76885e-01,5.41000e-01,9.20349e-03,1.42163e-02,1.63
300,21,6.78954e-01,5.42200e-01,9.16016e-03,1.42190e-02,1.63
300,22,6.79715e-01,5.42000e-01,9.12307e-03,1.41593e-02,1.63
300,23,6.81631e-01,5.41400e-01,9.08020e-03,1.41715e-02,1.60
300,24,6.82046e-01,5.42800e-01,9.04282e-03,1.41644e-02,1.65
300,25,6.81115e-01,5.48000e-01,9.01353e-03,1.41879e-02,1.64
300,26,6.84015e-01,5.45000e-01,8.97530e-03,1.41699e-02,1.64
300,27,6.84585e-01,5.45800e-01,8.94550e-03,1.41417e-02,1.64
300,28,6.85823e-01,5.41600e-01,8.91700e-03,1.41902e-02,1.64
300,29,6.87262e-01,5.43200e-01,8.88853e-03,1.41788e-02,1.64
300,30,6.87346e-01,5.45200e-01,8.85879e-03,1.42349e-02,1.64
300,31,6.88562e-01,5.42400e-01,8.83957e-03,1.41753e-02,1.71
300,32,6.89208e-01,5.48600e-01,8.81905e-03,1.41177e-02,1.68
300,33,6.89600e-01,5.41200e-01,8.79496e-03,1.41036e-02,1.64
300,34,6.90162e-01,5.42600e-01,8.77525e-03,1.42026e-02,2.05
300,35,6.90669e-01,5.40000e-01,8.75403e-03,1.41705e-02,1.64
300,36,6.91823e-01,5.41000e-01,8.73644e-03,1.41495e-02,1.62
300,37,6.91485e-01,5.45600e-01,8.72149e-03,1.42302e-02,1.62
300,38,6.92477e-01,5.44200e-01,8.69838e-03,1.41487e-02,1.62
300,39,6.92562e-01,5.47400e-01,8.68722e-03,1.42081e-02,1.62
300,40,6.93469e-01,5.46000e-01,8.66824e-03,1.41534e-02,1.62
300,41,6.93685e-01,5.46400e-01,8.65291e-03,1.42231e-02,1.62
300,42,6.94492e-01,5.40400e-01,8.63680e-03,1.42576e-02,1.62
300,43,6.95338e-01,5.40800e-01,8.62327e-03,1.41974e-02,1.62
300,44,6.94869e-01,5.44000e-01,8.61456e-03,1.42177e-02,1.63
300,45,6.95708e-01,5.42400e-01,8.59768e-03,1.41719e-02,1.63
300,46,6.95700e-01,5.45400e-01,8.58048e-03,1.42033e-02,1.63
300,47,6.95362e-01,5.42800e-01,8.57725e-03,1.41566e-02,1.63
300,48,6.96154e-01,5.45400e-01,8.56516e-03,1.41665e-02,1.63
300,49,6.97800e-01,5.42600e-01,8.55313e-03,1.41939e-02,1.64
300,50,6.95738e-01,5.47200e-01,8.54345e-03,1.41701e-02,1.78
300,51,6.98315e-01,5.46800e-01,8.52783e-03,1.41643e-02,1.62
300,52,6.96954e-01,5.45600e-01,8.52243e-03,1.42065e-02,1.62
300,53,6.98046e-01,5.39800e-01,8.51366e-03,1.42088e-02,1.66
300,54,6.97992e-01,5.46600e-01,8.50409e-03,1.42413e-02,1.66
300,55,6.98692e-01,5.41400e-01,8.49592e-03,1.42516e-02,1.71
300,56,6.99054e-01,5.45200e-01,8.48538e-03,1.42313e-02,1.66
300,57,6.99015e-01,5.42400e-01,8.47653e-03,1.42570e-02,1.65
300,58,6.99785e-01,5.49000e-01,8.47382e-03,1.41829e-02,1.70
300,59,6.99131e-01,5.44000e-01,8.46546e-03,1.42058e-02,1.65
300,60,7.00046e-01,5.45400e-01,8.45394e-03,1.43122e-02,1.66
300,61,7.00623e-01,5.40800e-01,8.44682e-03,1.42614e-02,1.65
300,62,6.99908e-01,5.47400e-01,8.44597e-03,1.41902e-02,1.66
300,63,7.00592e-01,5.42800e-01,8.43458e-03,1.42505e-02,1.66
300,64,7.00985e-01,5.45400e-01,8.42672e-03,1.41952e-02,1.66
300,65,7.01062e-01,5.46800e-01,8.41951e-03,1.42771e-02,1.74
300,66,7.01246e-01,5.47200e-01,8.41713e-03,1.42453e-02,1.73
300,67,7.00846e-01,5.41800e-01,8.41279e-03,1.41997e-02,1.66
300,68,7.01469e-01,5.40600e-01,8.40367e-03,1.43379e-02,1.67
300,69,7.01231e-01,5.41600e-01,8.40182e-03,1.42560e-02,1.67
300,70,7.00677e-01,5.44400e-01,8.39678e-03,1.42186e-02,1.68
300,71,7.01677e-01,5.44000e-01,8.38708e-03,1.42728e-02,1.67
300,72,7.01892e-01,5.45200e-01,8.38252e-03,1.42523e-02,1.67
300,73,7.01985e-01,5.49200e-01,8.37811e-03,1.41695e-02,1.66
300,74,7.01862e-01,5.44800e-01,8.37594e-03,1.42305e-02,1.67
300,75,7.01538e-01,5.39200e-01,8.37097e-03,1.42566e-02,1.80
300,76,7.02900e-01,5.44600e-01,8.36761e-03,1.43380e-02,1.68
300,77,7.01692e-01,5.45600e-01,8.36328e-03,1.42201e-02,1.67
300,78,7.03200e-01,5.42600e-01,8.35785e-03,1.42997e-02,1.67
300,79,7.02923e-01,5.43800e-01,8.35349e-03,1.43380e-02,1.68
300,80,7.01700e-01,5.41000e-01,8.34704e-03,1.42463e-02,1.68
300,81,7.03662e-01,5.44000e-01,8.34222e-03,1.42941e-02,1.68
300,82,7.03969e-01,5.45000e-01,8.34401e-03,1.42710e-02,1.73
300,83,7.02446e-01,5.47600e-01,8.33879e-03,1.42110e-02,1.69
300,84,7.02846e-01,5.47800e-01,8.33336e-03,1.42552e-02,1.67
300,85,7.03315e-01,5.44200e-01,8.33441e-03,1.41932e-02,1.67
300,86,7.03623e-01,5.35800e-01,8.32765e-03,1.43899e-02,1.67
300,87,7.03423e-01,5.40800e-01,8.32689e-03,1.42882e-02,1.76
300,88,7.03269e-01,5.43200e-01,8.31959e-03,1.42517e-02,1.69
300,89,7.03938e-01,5.45600e-01,8.31895e-03,1.42834e-02,1.69
300,90,7.03615e-01,5.42200e-01,8.31163e-03,1.42617e-02,1.71
300,91,7.04038e-01,5.43600e-01,8.30617e-03,1.43291e-02,1.69
300,92,7.03892e-01,5.40000e-01,8.31146e-03,1.42704e-02,1.69
300,93,7.04069e-01,5.48200e-01,8.30408e-03,1.42690e-02,1.69
300,94,7.04838e-01,5.39800e-01,8.30427e-03,1.43282e-02,1.69
300,95,7.04162e-01,5.37400e-01,8.30398e-03,1.43366e-02,1.69
300,96,7.04515e-01,5.44800e-01,8.29801e-03,1.42446e-02,1.70
300,97,7.04315e-01,5.42800e-01,8.29403e-03,1.42901e-02,1.70
300,98,7.04838e-01,5.42000e-01,8.29449e-03,1.42947e-02,1.73
300,99,7.04377e-01,5.45000e-01,8.29188e-03,1.42430e-02,1.77
300,100,7.04846e-01,5.42600e-01,8.28700e-03,1.43155e-02,1.77
300,101,7.05608e-01,5.42200e-01,8.28425e-03,1.42418e-02,1.71
300,102,7.03462e-01,5.40200e-01,8.28576e-03,1.43114e-02,1.73
300,103,7.05492e-01,5.44000e-01,8.27837e-03,1.43224e-02,1.75
300,104,7.06123e-01,5.40400e-01,8.28048e-03,1.42979e-02,2.02
300,105,7.04808e-01,5.45200e-01,8.27869e-03,1.43082e-02,1.87
300,106,7.06154e-01,5.41200e-01,8.27318e-03,1.43101e-02,1.85
300,107,7.05100e-01,5.43800e-01,8.27310e-03,1.43129e-02,1.76
300,108,7.05185e-01,5.41600e-01,8.27571e-03,1.42900e-02,1.74
300,109,7.05408e-01,5.41400e-01,8.26738e-03,1.43189e-02,1.79
300,110,7.05346e-01,5.44600e-01,8.26525e-03,1.42921e-02,1.77
300,111,7.05854e-01,5.43400e-01,8.27146e-03,1.43034e-02,1.74
300,112,7.06331e-01,5.43600e-01,8.25999e-03,1.42938e-02,1.75
300,113,7.05838e-01,5.40200e-01,8.26120e-03,1.42942e-02,1.73
300,114,7.05554e-01,5.44400e-01,8.26001e-03,1.42793e-02,1.73
300,115,7.06038e-01,5.39400e-01,8.25769e-03,1.43701e-02,1.74
300,116,7.05769e-01,5.47800e-01,8.25780e-03,1.42848e-02,1.74
300,117,7.05408e-01,5.47400e-01,8.25419e-03,1.42583e-02,1.73
300,118,7.05738e-01,5.42200e-01,8.25705e-03,1.43277e-02,1.74
300,119,7.06200e-01,5.38000e-01,8.25173e-03,1.42798e-02,1.74
300,120,7.05592e-01,5.42200e-01,8.25402e-03,1.42885e-02,1.74
300,121,7.05300e-01,5.50400e-01,8.24839e-03,1.43311e-02,1.74
300,122,7.06354e-01,5.42200e-01,8.24779e-03,1.42834e-02,1.75
300,123,7.06177e-01,5.41800e-01,8.24680e-03,1.43191e-02,1.74
300,124,7.07100e-01,5.42600e-01,8.24529e-03,1.43004e-02,1.74
300,125,7.06538e-01,5.43400e-01,8.24901e-03,1.43096e-02,1.80
300,126,7.05700e-01,5.43000e-01,8.24310e-03,1.42816e-02,1.78
300,127,7.06562e-01,5.41800e-01,8.24150e-03,1.43037e-02,1.75
300,128,7.06269e-01,5.41600e-01,8.24202e-03,1.43459e-02,1.76
300,129,7.06546e-01,5.43200e-01,8.24063e-03,1.43445e-02,1.84
300,130,7.05354e-01,5.42200e-01,8.23705e-03,1.42633e-02,1.82
300,131,7.05969e-01,5.46600e-01,8.24146e-03,1.42807e-02,1.73
300,132,7.06769e-01,5.41000e-01,8.23866e-03,1.43499e-02,1.75
300,133,7.06585e-01,5.44200e-01,8.23746e-03,1.43221e-02,1.73
300,134,7.06654e-01,5.41400e-01,8.23550e-03,1.43794e-02,1.70
300,135,7.07223e-01,5.47600e-01,8.23593e-03,1.43018e-02,1.71
300,136,7.07138e-01,5.48600e-01,8.22757e-03,1.43017e-02,1.71
300,137,7.05915e-01,5.43000e-01,8.23647e-03,1.43030e-02,1.70
300,138,7.06962e-01,5.38600e-01,8.23286e-03,1.43002e-02,1.71
300,139,7.07762e-01,5.42400e-01,8.22860e-03,1.43945e-02,1.70
300,140,7.06515e-01,5.45200e-01,8.22919e-03,1.42543e-02,1.75
300,141,7.06985e-01,5.44800e-01,8.23334e-03,1.43213e-02,1.68
300,142,7.07169e-01,5.43800e-01,8.22361e-03,1.43079e-02,1.67
300,143,7.06515e-01,5.44600e-01,8.23010e-03,1.43073e-02,1.68
300,144,7.07492e-01,5.44200e-01,8.22123e-03,1.43482e-02,1.97
300,145,7.06646e-01,5.42000e-01,8.22760e-03,1.42929e-02,1.68
300,146,7.07123e-01,5.39400e-01,8.21940e-03,1.42913e-02,1.68
300,147,7.06746e-01,5.44800e-01,8.22305e-03,1.43051e-02,1.83
300,148,7.06492e-01,5.42200e-01,8.22191e-03,1.43456e-02,1.69
300,149,7.07138e-01,5.45600e-01,8.21714e-03,1.43655e-02,1.68
300,150,7.05931e-01,5.41600e-01,8.21983e-03,1.42552e-02,1.68
300,151,7.06077e-01,5.44800e-01,8.22014e-03,1.43443e-02,1.66
300,152,7.05962e-01,5.48000e-01,8.22424e-03,1.42657e-02,1.67
300,153,7.06500e-01,5.44800e-01,8.22135e-03,1.42876e-02,1.67
300,154,7.06862e-01,5.44400e-01,8.21648e-03,1.43201e-02,1.69
300,155,7.06815e-01,5.42600e-01,8.21522e-03,1.43244e-02,1.68
300,156,7.07454e-01,5.40800e-01,8.21846e-03,1.43299e-02,1.68
300,157,7.06115e-01,5.41000e-01,8.21284e-03,1.43329e-02,1.70
300,158,7.06746e-01,5.46400e-01,8.21410e-03,1.43267e-02,1.70
300,159,7.06500e-01,5.47000e-01,8.21564e-03,1.43444e-02,1.75
300,160,7.06623e-01,5.50600e-01,8.21734e-03,1.43314e-02,1.71
300,161,7.07254e-01,5.45800e-01,8.20946e-03,1.43493e-02,1.69
300,162,7.07085e-01,5.41800e-01,8.20943e-03,1.42636e-02,1.68
300,163,7.06062e-01,5.44400e-01,8.21322e-03,1.42979e-02,1.68
300,164,7.06831e-01,5.43400e-01,8.21355e-03,1.43212e-02,1.81
300,165,7.07408e-01,5.41800e-01,8.21054e-03,1.42757e-02,1.68
300,166,7.08046e-01,5.44200e-01,8.20940e-03,1.43270e-02,1.68
300,167,7.07508e-01,5.39600e-01,8.21555e-03,1.44407e-02,1.87
300,168,7.06800e-01,5.41800e-01,8.20991e-03,1.43481e-02,1.71
300,169,7.07823e-01,5.48000e-01,8.20810e-03,1.42670e-02,1.70
300,170,7.07638e-01,5.44200e-01,8.20421e-03,1.43547e-02,1.70
300,171,7.06792e-01,5.43200e-01,8.20853e-03,1.43857e-02,1.70
300,172,7.07285e-01,5.43000e-01,8.20875e-03,1.43704e-02,1.70
300,173,7.06562e-01,5.45600e-01,8.20780e-03,1.43459e-02,1.70
300,174,7.07269e-01,5.44800e-01,8.20067e-03,1.42767e-02,1.67
300,175,7.07538e-01,5.44600e-01,8.20958e-03,1.43950e-02,1.67
300,176,7.07731e-01,5.40600e-01,8.20197e-03,1.44236e-02,1.68
300,177,7.06915e-01,5.41400e-01,8.20522e-03,1.43699e-02,1.68
300,178,7.06646e-01,5.41600e-01,8.20250e-03,1.43281e-02,1.67
300,179,7.06900e-01,5.46600e-01,8.20523e-03,1.42959e-02,1.70
300,180,7.07200e-01,5.45600e-01,8.20713e-03,1.43366e-02,1.78
300,181,7.07038e-01,5.42000e-01,8.20252e-03,1.43226e-02,1.71
300,182,7.07062e-01,5.42800e-01,8.21090e-03,1.42822e-02,1.70
300,183,7.08046e-01,5.49600e-01,8.20209e-03,1.43318e-02,1.76
300,184,7.07269e-01,5.42800e-01,8.20376e-03,1.43328e-02,1.70
300,185,7.06915e-01,5.42800e-01,8.20144e-03,1.43577e-02,1.69
300,186,7.07254e-01,5.46200e-01,8.19992e-03,1.43149e-02,1.69
300,187,7.07646e-01,5.45600e-01,8.20233e-03,1.43671e-02,1.69
300,188,7.07854e-01,5.43000e-01,8.20685e-03,1.43167e-02,1.70
300,189,7.06846e-01,5.44600e-01,8.20330e-03,1.43344e-02,1.69
300,190,7.08477e-01,5.47200e-01,8.19998e-03,1.42808e-02,1.72
300,191,7.06938e-01,5.43000e-01,8.20286e-03,1.43164e-02,1.68
300,192,7.07969e-01,5.39200e-01,8.20007e-03,1.43384e-02,1.67
300,193,7.06954e-01,5.43200e-01,8.19972e-03,1.43851e-02,1.73
300,194,7.07792e-01,5.41600e-01,8.19612e-03,1.43880e-02,1.76
300,195,7.06192e-01,5.43400e-01,8.20036e-03,1.44140e-02,1.68
300,196,7.08038e-01,5.46200e-01,8.19931e-03,1.43123e-02,1.69
300,197,7.07131e-01,5.40200e-01,8.19457e-03,1.43307e-02,1.72
300,198,7.07308e-01,5.44800e-01,8.19466e-03,1.42950e-02,1.67
300,199,7.07246e-01,5.39800e-01,8.20035e-03,1.43288e-02,1.68
300,200,7.08062e-01,5.45600e-01,8.19946e-03,1.43246e-02,1.68
600,1,3.76792e-01,3.77600e-01,2.05995e-02,2.00565e-02,1.78
600,2,4.90815e-01,4.02000e-01,1.57094e-02,1.87211e-02,1.68
600,3,5.20877e-01,4.20000e-01,1.45899e-02,1.82079e-02,1.68
600,4,5.38769e-01,4.30600e-01,1.39376e-02,1.77249e-02,1.68
600,5,5.52192e-01,4.36800e-01,1.34921e-02,1.75510e-02,1.68
600,6,5.60808e-01,4.48200e-01,1.31603e-02,1.74091e-02,1.68
600,7,5.68754e-01,4.46200e-01,1.28976e-02,1.72320e-02,1.70
600,8,5.74262e-01,4.45600e-01,1.26890e-02,1.71046e-02,1.68
600,9,5.78169e-01,4.50400e-01,1.25137e-02,1.71734e-02,1.68
600,10,5.82492e-01,4.52600e-01,1.23595e-02,1.70446e-02,1.68
600,11,5.86923e-01,4.55800e-01,1.22299e-02,1.69203e-02,1.68
600,12,5.90077e-01,4.54800e-01,1.21084e-02,1.69225e-02,1.68
600,13,5.93023e-01,4.58400e-01,1.20125e-02,1.69330e-02,1.68
600,14,5.95623e-01,4.57000e-01,1.19168e-02,1.69086e-02,1.68
600,15,5.98085e-01,4.60800e-01,1.18304e-02,1.68109e-02,1.68
600,16,6.00162e-01,4.59200e-01,1.17619e-02,1.68682e-02,1.77
600,17,6.01877e-01,4.62400e-01,1.16969e-02,1.68307e-02,1.77
600,18,6.04400e-01,4.60600e-01,1.16246e-02,1.66759e-02,1.68
600,19,6.05031e-01,4.61600e-01,1.15751e-02,1.67273e-02,1.68
600,20,6.07054e-01,4.60800e-01,1.15148e-02,1.67638e-02,1.68
600,21,6.08454e-01,4.68000e-01,1.14656e-02,1.67178e-02,1.68
600,22,6.09808e-01,4.63600e-01,1.14189e-02,1.68179e-02,1.68
600,23,6.11415e-01,4.59800e-01,1.13776e-02,1.67268e-02,1.68
600,24,6.11292e-01,4.62600e-01,1.13383e-02,1.67507e-02,1.69
600,25,6.12354e-01,4.65800e-01,1.12956e-02,1.67209e-02,1.68
600,26,6.14192e-01,4.64600e-01,1.12630e-02,1.66675e-02,1.68
600,27,6.14477e-01,4.65000e-01,1.12260e-02,1.67414e-02,1.69
600,28,6.15438e-01,4.70400e-01,1.11990e-02,1.66741e-02,1.68
600,29,6.16738e-01,4.69000e-01,1.11643e-02,1.67062e-02,1.68
600,30,6.18154e-01,4.67600e-01,1.11343e-02,1.67131e-02,1.68
600,31,6.17238e-01,4.65600e-01,1.11108e-02,1.66702e-02,1.68
600,32,6.19200e-01,4.68000e-01,1.10887e-02,1.66840e-02,1.68
600,33,6.19831e-01,4.70200e-01,1.10599e-02,1.67244e-02,1.69
600,34,6.20915e-01,4.73200e-01,1.10410e-02,1.66595e-02,1.68
600,35,6.21892e-01,4.71200e-01,1.10177e-02,1.67307e-02,1.70
600,36,6.21246e-01,4.67400e-01,1.09989e-02,1.66768e-02,1.69
600,37,6.22485e-01,4.71200e-01,1.09776e-02,1.66177e-02,1.68
600,38,6.23315e-01,4.67600e-01,1.09573e-02,1.66011e-02,1.68
600,39,6.23600e-01,4.66200e-01,1.09399e-02,1.67522e-02,1.68
600,40,6.22815e-01,4.71200e-01,1.09238e-02,1.65885e-02,1.69
600,41,6.24515e-01,4.64000e-01,1.09039e-02,1.66362e-02,1.69
600,42,6.24569e-01,4.71000e-01,1.08904e-02,1.67413e-02,1.68
600,43,6.24977e-01,4.72200e-01,1.08751e-02,1.67398e-02,1.69
600,44,6.25415e-01,4.72200e-01,1.08598e-02,1.66784e-02,1.69
600,45,6.26169e-01,4.70000e-01,1.08421e-02,1.66020e-02,1.69
600,46,6.25800e-01,4.67600e-01,1.08358e-02,1.67542e-02,1.69
600,47,6.26200e-01,4.74800e-01,1.08179e-02,1.66476e-02,1.69
600,48,6.26746e-01,4.69600e-01,1.08088e-02,1.66514e-02,1.69
600,49,6.27008e-01,4.68800e-01,1.07997e-02,1.67174e-02,1.69
600,50,6.27577e-01,4.69400e-01,1.07821e-02,1.67669e-02,1.69
600,51,6.28285e-01,4.74600e-01,1.07682e-02,1.67066e-02,1.69
600,52,6.27515e-01,4.66800e-01,1.07593e-02,1.66824e-02,1.70
600,53,6.28515e-01,4.70200e-01,1.07464e-02,1.66411e-02,1.68
600,54,6.29662e-01,4.69600e-01,1.07375e-02,1.66208e-02,1.69
600,55,6.28515e-01,4.73400e-01,1.07302e-02,1.66961e-02,1.69
600,56,6.29238e-01,4.72600e-01,1.07193e-02,1.67014e-02,1.68
600,57,6.30115e-01,4.72200e-01,1.07039e-02,1.67341e-02,1.70
600,58,6.30177e-01,4.67400e-01,1.07080e-02,1.67247e-02,1.77
600,59,6.29946e-01,4.70800e-01,1.06934e-02,1.66483e-02,1.91
600,60,6.30592e-01,4.69200e-01,1.06848e-02,1.67128e-02,1.70
600,61,6.30546e-01,4.70800e-01,1.06792e-02,1.66799e-02,1.69
600,62,6.31054e-01,4.66600e-01,1.06704e-02,1.66510e-02,1.69
600,63,6.30985e-01,4.72200e-01,1.06594e-02,1.66957e-02,1.69
600,64,6.30708e-01,4.69000e-01,1.06577e-02,1.66989e-02,1.69
600,65,6.31092e-01,4.70000e-01,1.06459e-02,1.66864e-02,1.69
600,66,6.32323e-01,4.69400e-01,1.06396e-02,1.67166e-02,1.69
600,67,6.31692e-01,4.68600e-01,1.06337e-02,1.67016e-02,1.69
600,68,6.31669e-01,4.69200e-01,1.06262e-02,1.67328e-02,1.68
600,69,6.31762e-01,4.69000e-01,1.06254e-02,1.67765e-02,1.71
600,70,6.32915e-01,4.71600e-01,1.06151e-02,1.67329e-02,1.69
600,71,6.31754e-01,4.64200e-01,1.06096e-02,1.67874e-02,1.69
600,72,6.32585e-01,4.73600e-01,1.06090e-02,1.67302e-02,1.69
600,73,6.32762e-01,4.73800e-01,1.06041e-02,1.66778e-02,1.68
600,74,6.32485e-01,4.72200e-01,1.05957e-02,1.66213e-02,1.69
600,75,6.33177e-01,4.71400e-01,1.05874e-02,1.67061e-02,1.70
600,76,6.31969e-01,4.65800e-01,1.05849e-02,1.66566e-02,1.84
600,77,6.33969e-01,4.73000e-01,1.05759e-02,1.65891e-02,1.70
600,78,6.34077e-01,4.73000e-01,1.05767e-02,1.67879e-02,1.69
600,79,6.33562e-01,4.70000e-01,1.05733e-02,1.67329e-02,1.68
600,80,6.34523e-01,4.67400e-01,1.05662e-02,1.66800e-02,1.69
600,81,6.33869e-01,4.71800e-01,1.05602e-02,1.66628e-02,1.68
600,82,6.32454e-01,4.71000e-01,1.05587e-02,1.66876e-02,1.69
600,83,6.33762e-01,4.71200e-01,1.05534e-02,1.66914e-02,1.68
600,84,6.34885e-01,4.70200e-01,1.05489e-02,1.67395e-02,1.69
600,85,6.34123e-01,4.71800e-01,1.05436e-02,1.66427e-02,1.69
600,86,6.35077e-01,4.69000e-01,1.05395e-02,1.67058e-02,1.71
600,87,6.34569e-01,4.70600e-01,1.05369e-02,1.67195e-02,1.69
600,88,6.33846e-01,4.72000e-01,1.05346e-02,1.67325e-02,1.69
600,89,6.34731e-01,4.72600e-01,1.05283e-02,1.67572e-02,1.69
600,90,6.34638e-01,4.72000e-01,1.05309e-02,1.67251e-02,1.77
600,91,6.35046e-01,4.71400e-01,1.05240e-02,1.67096e-02,1.79
600,92,6.35031e-01,4.73000e-01,1.05195e-02,1.66831e-02,1.69
600,93,6.34838e-01,4.74600e-01,1.05138e-02,1.66804e-02,1.69
600,94,6.34192e-01,4.67800e-01,1.05123e-02,1.67451e-02,1.69
600,95,6.35554e-01,4.70200e-01,1.05075e-02,1.66905e-02,1.69
600,96,6.34946e-01,4.70800e-01,1.05080e-02,1.67168e-02,1.69
600,97,6.35869e-01,4.68400e-01,1.04999e-02,1.66914e-02,1.68
600,98,6.35500e-01,4.67400e-01,1.05000e-02,1.67701e-02,1.70
600,99,6.35315e-01,4.69200e-01,1.05035e-02,1.67492e-02,1.69
600,100,6.35531e-01,4.70800e-01,1.05000e-02,1.67546e-02,1.69
600,101,6.34962e-01,4.70400e-01,1.04954e-02,1.67067e-02,1.68
600,102,6.35446e-01,4.72400e-01,1.04887e-02,1.66744e-02,1.72
600,103,6.35631e-01,4.69200e-01,1.04882e-02,1.67362e-02,1.71
600,104,6.35369e-01,4.73000e-01,1.04845e-02,1.67003e-02,1.78
600,105,6.35331e-01,4.72800e-01,1.04865e-02,1.67247e-02,1.76
600,106,6.35754e-01,4.70200e-01,1.04845e-02,1.68085e-02,1.69
600,107,6.36785e-01,4.66800e-01,1.04785e-02,1.66424e-02,1.69
600,108,6.36169e-01,4.71800e-01,1.04757e-02,1.66907e-02,1.69
600,109,6.36331e-01,4.67200e-01,1.04714e-02,1.67126e-02,1.69
600,110,6.36492e-01,4.75000e-01,1.04729e-02,1.67430e-02,1.69
600,111,6.36577e-01,4.68400e-01,1.04728e-02,1.67155e-02,1.69
600,112,6.36208e-01,4.68200e-01,1.04673e-02,1.67614e-02,1.69
600,113,6.36523e-01,4.70600e-01,1.04708e-02,1.67504e-02,1.72
600,114,6.36123e-01,4.71400e-01,1.04639e-02,1.67354e-02,1.89
600,115,6.37046e-01,4.68600e-01,1.04641e-02,1.67356e-02,1.85
600,116,6.35746e-01,4.73600e-01,1.04657e-02,1.67443e-02,1.91
600,117,6.37477e-01,4.70600e-01,1.04588e-02,1.67909e-02,1.74
600,118,6.36438e-01,4.68000e-01,1.04592e-02,1.66756e-02,1.72
600,119,6.35938e-01,4.69800e-01,1.04548e-02,1.66870e-02,1.74
600,120,6.36615e-01,4.71600e-01,1.04532e-02,1.66797e-02,1.72
600,121,6.37046e-01,4.70600e-01,1.04557e-02,1.67476e-02,1.71
600,122,6.37285e-01,4.71400e-01,1.04474e-02,1.67251e-02,1.71
600,123,6.37454e-01,4.73800e-01,1.04494e-02,1.67386e-02,1.71
600,124,6.37046e-01,4.68400e-01,1.04460e-02,1.68167e-02,1.73
600,125,6.36138e-01,4.69400e-01,1.04511e-02,1.67420e-02,1.95
600,126,6.36323e-01,4.66200e-01,1.04438e-02,1.66460e-02,1.73
600,127,6.37223e-01,4.70800e-01,1.04477e-02,1.67611e-02,1.94
600,128,6.37385e-01,4.68400e-01,1.04412e-02,1.68317e-02,1.79
600,129,6.37354e-01,4.65200e-01,1.04401e-02,1.67832e-02,1.88
600,130,6.36592e-01,4.70800e-01,1.04385e-02,1.66866e-02,1.89
600,131,6.37738e-01,4.75800e-01,1.04357e-02,1.66562e-02,1.81
600,132,6.37069e-01,4.70000e-01,1.04396e-02,1.67409e-02,1.95
600,133,6.36169e-01,4.68200e-01,1.04344e-02,1.66940e-02,1.73
600,134,6.37131e-01,4.68400e-01,1.04369e-02,1.67257e-02,2.04
600,135,6.37623e-01,4.68600e-01,1.04278e-02,1.67357e-02,1.81
600,136,6.37354e-01,4.69200e-01,1.04370e-02,1.67662e-02,1.95
600,137,6.36977e-01,4.71200e-01,1.04329e-02,1.68153e-02,1.77
600,138,6.38338e-01,4.74400e-01,1.04268e-02,1.66948e-02,1.95
600,139,6.37708e-01,4.68800e-01,1.04304e-02,1.67834e-02,1.84
600,140,6.37577e-01,4.63400e-01,1.04278e-02,1.67322e-02,1.83
600,141,6.38031e-01,4.64000e-01,1.04219e-02,1.67577e-02,1.93
600,142,6.37554e-01,4.70200e-01,1.04239e-02,1.67402e-02,1.73
600,143,6.37292e-01,4.73800e-01,1.04231e-02,1.66693e-02,1.95
600,144,6.37746e-01,4.65800e-01,1.04244e-02,1.68279e-02,1.73
600,145,6.37008e-01,4.69000e-01,1.04254e-02,1.67827e-02,1.84
600,146,6.37346e-01,4.70400e-01,1.04225e-02,1.66516e-02,1.78
600,147,6.37569e-01,4.72400e-01,1.04218e-02,1.66977e-02,1.98
600,148,6.37931e-01,4.73000e-01,1.04180e-02,1.67103e-02,1.85
600,149,6.38331e-01,4.72000e-01,1.04206e-02,1.67702e-02,1.87
600,150,6.37854e-01,4.73200e-01,1.04196e-02,1.67383e-02,1.89
600,151,6.37238e-01,4.67200e-01,1.04179e-02,1.67937e-02,1.81
600,152,6.37877e-01,4.67200e-01,1.04123e-02,1.67955e-02,1.92
600,153,6.37777e-01,4.67400e-01,1.04142e-02,1.67228e-02,1.75
600,154,6.37623e-01,4.72600e-01,1.04132e-02,1.67341e-02,1.72
600,155,6.38931e-01,4.68600e-01,1.04101e-02,1.67425e-02,1.71
600,156,6.38300e-01,4.72600e-01,1.04140e-02,1.67107e-02,1.79
600,157,6.37562e-01,4.68400e-01,1.04123e-02,1.66917e-02,1.71
600,158,6.37631e-01,4.72200e-01,1.04120e-02,1.66959e-02,1.99
600,159,6.38223e-01,4.70600e-01,1.04111e-02,1.67659e-02,1.74
600,160,6.37731e-01,4.70200e-01,1.04168e-02,1.67107e-02,1.81
600,161,6.37554e-01,4.71400e-01,1.04061e-02,1.66618e-02,1.78
600,162,6.37885e-01,4.70600e-01,1.04143e-02,1.66872e-02,1.93
600,163,6.37862e-01,4.69400e-01,1.04045e-02,1.67227e-02,1.71
600,164,6.38231e-01,4.73000e-01,1.04090e-02,1.68151e-02,1.71
600,165,6.37985e-01,4.68200e-01,1.04080e-02,1.67146e-02,1.83
600,166,6.38292e-01,4.69400e-01,1.04065e-02,1.68218e-02,1.83
600,167,6.38123e-01,4.71400e-01,1.04044e-02,1.66926e-02,1.89
600,168,6.37915e-01,4.68800e-01,1.04029e-02,1.67598e-02,1.77
600,169,6.38831e-01,4.70800e-01,1.04045e-02,1.67584e-02,1.98
600,170,6.39085e-01,4.74600e-01,1.04024e-02,1.65908e-02,1.74
600,171,6.37469e-01,4.71000e-01,1.04028e-02,1.67694e-02,1.96
600,172,6.38454e-01,4.71800e-01,1.03991e-02,1.67327e-02,1.76
600,173,6.38492e-01,4.70600e-01,1.04019e-02,1.68065e-02,1.97
600,174,6.38338e-01,4.71200e-01,1.04047e-02,1.67744e-02,1.80
600,175,6.37754e-01,4.73600e-01,1.04027e-02,1.66607e-02,1.93
600,176,6.38692e-01,4.63800e-01,1.03945e-02,1.67427e-02,1.85
600,177,6.38892e-01,4.69400e-01,1.03968e-02,1.67327e-02,1.84
600,178,6.39246e-01,4.64400e-01,1.03942e-02,1.68164e-02,1.96
600,179,6.38408e-01,4.65200e-01,1.03989e-02,1.67628e-02,1.75
600,180,6.38392e-01,4.66600e-01,1.03925e-02,1.67756e-02,1.97
600,181,6.38877e-01,4.69600e-01,1.03938e-02,1.67696e-02,1.75
600,182,6.38885e-01,4.65600e-01,1.03989e-02,1.67663e-02,1.95
600,183,6.38192e-01,4.72000e-01,1.03917e-02,1.67006e-02,1.80
600,184,6.38046e-01,4.71800e-01,1.03983e-02,1.67002e-02,1.90
600,185,6.38531e-01,4.72600e-01,1.03929e-02,1.67027e-02,1.87
600,186,6.38515e-01,4.70400e-01,1.03986e-02,1.67055e-02,1.79
600,187,6.38885e-01,4.69600e-01,1.03951e-02,1.66805e-02,1.78
600,188,6.39585e-01,4.68000e-01,1.03921e-02,1.67724e-02,1.74
600,189,6.38215e-01,4.75600e-01,1.04002e-02,1.67577e-02,1.72
600,190,6.38862e-01,4.71000e-01,1.03930e-02,1.67276e-02,1.72
600,191,6.38885e-01,4.66800e-01,1.03863e-02,1.68264e-02,1.76
600,192,6.38662e-01,4.70000e-01,1.03914e-02,1.66745e-02,1.74
600,193,6.39477e-01,4.71000e-01,1.03935e-02,1.67368e-02,1.96
600,194,6.38585e-01,4.70800e-01,1.03944e-02,1.67496e-02,1.77
600,195,6.38154e-01,4.74000e-01,1.03916e-02,1.67222e-02,1.94
600,196,6.38638e-01,4.66600e-01,1.03975e-02,1.68091e-02,1.73
600,197,6.38200e-01,4.71000e-01,1.03941e-02,1.66715e-02,1.73
600,198,6.37877e-01,4.74000e-01,1.03873e-02,1.67801e-02,1.73
600,199,6.38746e-01,4.67800e-01,1.03890e-02,1.67552e-02,1.73
600,200,6.39400e-01,4.71600e-01,1.03883e-02,1.67782e-02,1.84
