pretrain_checkpoint_epoch,epoch,train_accuracy,val_accuracy,loss,time
10,1,1.85800e-01,2.83125e-01,1.81394e-02,0.81
10,2,3.00600e-01,3.11500e-01,1.75437e-02,0.80
10,3,3.18600e-01,3.21250e-01,1.73069e-02,0.80
10,4,3.26200e-01,3.32125e-01,1.72049e-02,0.79
10,5,3.32800e-01,3.35125e-01,1.71370e-02,0.81
10,6,3.44200e-01,3.43375e-01,1.70317e-02,0.59
10,7,3.53200e-01,3.53750e-01,1.69625e-02,0.49
10,8,3.63000e-01,3.62875e-01,1.68751e-02,0.69
10,9,3.75600e-01,3.64125e-01,1.68820e-02,0.80
10,10,3.84200e-01,3.65625e-01,1.67947e-02,0.80
10,11,3.78600e-01,3.70875e-01,1.68348e-02,0.80
10,12,3.92000e-01,3.65625e-01,1.67274e-02,0.80
10,13,3.89200e-01,3.68750e-01,1.67326e-02,0.80
10,14,3.92200e-01,3.71375e-01,1.66842e-02,0.80
10,15,3.89600e-01,3.73000e-01,1.66680e-02,0.79
10,16,3.84600e-01,3.73750e-01,1.66590e-02,0.76
10,17,3.91400e-01,3.75250e-01,1.66468e-02,0.74
10,18,3.97800e-01,3.75875e-01,1.65959e-02,0.74
10,19,4.02600e-01,3.75250e-01,1.66007e-02,0.81
10,20,4.02200e-01,3.77750e-01,1.65998e-02,0.80
10,21,4.02800e-01,3.75875e-01,1.66083e-02,0.79
10,22,3.99800e-01,3.77750e-01,1.66118e-02,0.73
10,23,3.97800e-01,3.80875e-01,1.66115e-02,0.74
10,24,4.03600e-01,3.79875e-01,1.65726e-02,0.78
10,25,4.03200e-01,3.80625e-01,1.65440e-02,0.78
10,26,4.03200e-01,3.82375e-01,1.65032e-02,0.73
10,27,4.08000e-01,3.82750e-01,1.65304e-02,0.73
10,28,4.09000e-01,3.81625e-01,1.65134e-02,0.74
10,29,4.13800e-01,3.85125e-01,1.65246e-02,0.74
10,30,4.08000e-01,3.84000e-01,1.65198e-02,0.78
10,31,4.13400e-01,3.86250e-01,1.64784e-02,0.78
10,32,4.08800e-01,3.87125e-01,1.64866e-02,0.78
10,33,4.14200e-01,3.85500e-01,1.65168e-02,0.78
10,34,4.10600e-01,3.86000e-01,1.65059e-02,0.78
10,35,4.14400e-01,3.84625e-01,1.64577e-02,0.79
10,36,4.14800e-01,3.89125e-01,1.64843e-02,0.78
10,37,4.14200e-01,3.87750e-01,1.64686e-02,0.78
10,38,4.15200e-01,3.89250e-01,1.64446e-02,0.79
10,39,4.09600e-01,3.85750e-01,1.64610e-02,0.79
10,40,4.14000e-01,3.88375e-01,1.64455e-02,0.79
10,41,4.17000e-01,3.88625e-01,1.64115e-02,0.79
10,42,4.22800e-01,3.88125e-01,1.64374e-02,0.79
10,43,4.19000e-01,3.87125e-01,1.64475e-02,0.80
10,44,4.21600e-01,3.91750e-01,1.64210e-02,0.80
10,45,4.19000e-01,3.90000e-01,1.64019e-02,0.79
10,46,4.22200e-01,3.89750e-01,1.63993e-02,0.79
10,47,4.24800e-01,3.90500e-01,1.64100e-02,0.79
10,48,4.22400e-01,3.92500e-01,1.63946e-02,0.79
10,49,4.22200e-01,3.93500e-01,1.63990e-02,0.79
10,50,4.25600e-01,3.92250e-01,1.63155e-02,0.79
10,51,4.23600e-01,3.94250e-01,1.64053e-02,0.79
10,52,4.26000e-01,3.94125e-01,1.63958e-02,0.78
10,53,4.23200e-01,3.92000e-01,1.63995e-02,0.75
10,54,4.21800e-01,3.93625e-01,1.63301e-02,0.73
10,55,4.27200e-01,3.89625e-01,1.63790e-02,0.71
10,56,4.27400e-01,3.94000e-01,1.63585e-02,0.79
10,57,4.23800e-01,3.94250e-01,1.63546e-02,0.80
10,58,4.32600e-01,3.94625e-01,1.63322e-02,0.72
10,59,4.26000e-01,3.95000e-01,1.63681e-02,0.54
10,60,4.31600e-01,3.94000e-01,1.62975e-02,0.69
10,61,4.27800e-01,3.95750e-01,1.62919e-02,0.69
10,62,4.28600e-01,3.94375e-01,1.63818e-02,0.60
10,63,4.28400e-01,3.93625e-01,1.63787e-02,0.67
10,64,4.32400e-01,3.96250e-01,1.63877e-02,0.75
10,65,4.32400e-01,3.96250e-01,1.63618e-02,0.76
10,66,4.30400e-01,3.96000e-01,1.63186e-02,0.74
10,67,4.30200e-01,3.95750e-01,1.63393e-02,0.72
10,68,4.28800e-01,3.98125e-01,1.62586e-02,0.73
10,69,4.34200e-01,3.96750e-01,1.63496e-02,0.72
10,70,4.36000e-01,4.00875e-01,1.63347e-02,0.61
10,71,4.29600e-01,3.98000e-01,1.63383e-02,0.53
10,72,4.32600e-01,3.98375e-01,1.63070e-02,0.52
10,73,4.33200e-01,3.96375e-01,1.63446e-02,0.65
10,74,4.35200e-01,3.97875e-01,1.63352e-02,0.75
10,75,4.31800e-01,3.99500e-01,1.62985e-02,0.81
10,76,4.35400e-01,3.98250e-01,1.62889e-02,0.82
10,77,4.35000e-01,3.95250e-01,1.63175e-02,0.79
10,78,4.36800e-01,4.01000e-01,1.63000e-02,0.75
10,79,4.38200e-01,3.99000e-01,1.62695e-02,0.75
10,80,4.36200e-01,3.97000e-01,1.62926e-02,0.75
10,81,4.38800e-01,3.98875e-01,1.62829e-02,0.78
10,82,4.36600e-01,3.99875e-01,1.62866e-02,0.80
10,83,4.39200e-01,4.00500e-01,1.62825e-02,0.81
10,84,4.36200e-01,3.99250e-01,1.63128e-02,0.80
10,85,4.39600e-01,4.00750e-01,1.62765e-02,0.80
10,86,4.41200e-01,3.99625e-01,1.62835e-02,0.78
10,87,4.43000e-01,4.02500e-01,1.62448e-02,0.74
10,88,4.39600e-01,4.00500e-01,1.62793e-02,0.73
10,89,4.38400e-01,4.04000e-01,1.62416e-02,0.73
10,90,4.34000e-01,4.00125e-01,1.62707e-02,0.73
10,91,4.38600e-01,4.01125e-01,1.62433e-02,0.73
10,92,4.40200e-01,4.04000e-01,1.62551e-02,0.78
10,93,4.35200e-01,4.01000e-01,1.62635e-02,0.79
10,94,4.42000e-01,4.03000e-01,1.62198e-02,0.79
10,95,4.39200e-01,4.00375e-01,1.62238e-02,0.79
10,96,4.46800e-01,4.00625e-01,1.62518e-02,0.79
10,97,4.39000e-01,4.04000e-01,1.62265e-02,0.79
10,98,4.40600e-01,4.00375e-01,1.62392e-02,0.79
10,99,4.38600e-01,4.01750e-01,1.62772e-02,0.79
10,100,4.38400e-01,4.03125e-01,1.62288e-02,0.78
10,101,4.44800e-01,3.99750e-01,1.62568e-02,0.78
10,102,4.40200e-01,4.02750e-01,1.62880e-02,0.78
10,103,4.42000e-01,4.01500e-01,1.62323e-02,0.78
10,104,4.45400e-01,4.03625e-01,1.62854e-02,0.78
10,105,4.43200e-01,4.03250e-01,1.62678e-02,0.78
10,106,4.44400e-01,4.01500e-01,1.62025e-02,0.78
10,107,4.44800e-01,4.01125e-01,1.62358e-02,0.78
10,108,4.43800e-01,4.00750e-01,1.62677e-02,0.78
10,109,4.47200e-01,4.04250e-01,1.62774e-02,0.79
10,110,4.43000e-01,4.06375e-01,1.61755e-02,0.78
10,111,4.41400e-01,4.05000e-01,1.62895e-02,0.78
10,112,4.45600e-01,4.02000e-01,1.62330e-02,0.76
10,113,4.44000e-01,4.05125e-01,1.62035e-02,0.73
10,114,4.46800e-01,4.04875e-01,1.62571e-02,0.73
10,115,4.48200e-01,3.99875e-01,1.62242e-02,0.73
10,116,4.44200e-01,4.00750e-01,1.62442e-02,0.72
10,117,4.50400e-01,4.03375e-01,1.61999e-02,0.77
10,118,4.47600e-01,4.01250e-01,1.62089e-02,0.59
10,119,4.47600e-01,4.04125e-01,1.62062e-02,0.64
10,120,4.43800e-01,4.04500e-01,1.62437e-02,0.62
10,121,4.50400e-01,4.05000e-01,1.61812e-02,0.72
10,122,4.44400e-01,4.03375e-01,1.62292e-02,0.80
10,123,4.48000e-01,4.06375e-01,1.61841e-02,0.80
10,124,4.45800e-01,4.05375e-01,1.62419e-02,0.76
10,125,4.50800e-01,4.04125e-01,1.62292e-02,0.74
10,126,4.46200e-01,4.04125e-01,1.61736e-02,0.74
10,127,4.52200e-01,4.05500e-01,1.61799e-02,0.80
10,128,4.47800e-01,4.05875e-01,1.61717e-02,0.78
10,129,4.48000e-01,4.03000e-01,1.61662e-02,0.78
10,130,4.46200e-01,4.03625e-01,1.62255e-02,0.74
10,131,4.45600e-01,4.07375e-01,1.62086e-02,0.74
10,132,4.50400e-01,4.04000e-01,1.61767e-02,0.62
10,133,4.52000e-01,4.03125e-01,1.62023e-02,0.71
10,134,4.44800e-01,4.02625e-01,1.61643e-02,0.74
10,135,4.52400e-01,4.07625e-01,1.61772e-02,0.74
10,136,4.46800e-01,4.04375e-01,1.61541e-02,0.74
10,137,4.51400e-01,4.03125e-01,1.62184e-02,0.73
10,138,4.50600e-01,4.06375e-01,1.62177e-02,0.74
10,139,4.50400e-01,4.00750e-01,1.61434e-02,0.74
10,140,4.54600e-01,4.03500e-01,1.61575e-02,0.61
10,141,4.49200e-01,4.04000e-01,1.61168e-02,0.53
10,142,4.50800e-01,4.05500e-01,1.61561e-02,0.65
10,143,4.52600e-01,4.04375e-01,1.61287e-02,0.74
10,144,4.54800e-01,4.04000e-01,1.61553e-02,0.73
10,145,4.53400e-01,4.03000e-01,1.61705e-02,0.74
10,146,4.56200e-01,4.06000e-01,1.61190e-02,0.74
10,147,4.54200e-01,4.04375e-01,1.61587e-02,0.61
10,148,4.51400e-01,4.02125e-01,1.61367e-02,0.75
10,149,4.50800e-01,4.02625e-01,1.61851e-02,0.79
10,150,4.55400e-01,4.07000e-01,1.61306e-02,0.79
10,151,4.55000e-01,4.04000e-01,1.61823e-02,0.79
10,152,4.53800e-01,4.07000e-01,1.61850e-02,0.76
10,153,4.51000e-01,4.06750e-01,1.61584e-02,0.74
10,154,4.55800e-01,4.05875e-01,1.61637e-02,0.73
10,155,4.55600e-01,4.03375e-01,1.61738e-02,0.73
10,156,4.52600e-01,4.08250e-01,1.62007e-02,0.77
10,157,4.56400e-01,4.06875e-01,1.61812e-02,0.79
10,158,4.59800e-01,4.07000e-01,1.61070e-02,0.79
10,159,4.52200e-01,4.05500e-01,1.61487e-02,0.78
10,160,4.55000e-01,4.04375e-01,1.61709e-02,0.80
10,161,4.51200e-01,4.05500e-01,1.61324e-02,0.79
10,162,4.52400e-01,4.05375e-01,1.61775e-02,0.79
10,163,4.55800e-01,4.08375e-01,1.61912e-02,0.79
10,164,4.57400e-01,4.03625e-01,1.61446e-02,0.57
10,165,4.56800e-01,4.05375e-01,1.61206e-02,0.57
10,166,4.59600e-01,4.05375e-01,1.61296e-02,0.57
10,167,4.54200e-01,4.05375e-01,1.61352e-02,0.57
10,168,4.60800e-01,4.03250e-01,1.61556e-02,0.57
10,169,4.59000e-01,4.09750e-01,1.60990e-02,0.57
10,170,4.58800e-01,4.09125e-01,1.60645e-02,0.57
10,171,4.58400e-01,4.05500e-01,1.61047e-02,0.57
10,172,4.55600e-01,4.09000e-01,1.61041e-02,0.57
10,173,4.57600e-01,4.06625e-01,1.61065e-02,0.57
10,174,4.58400e-01,4.08625e-01,1.61231e-02,0.58
10,175,4.56400e-01,4.06875e-01,1.61327e-02,0.57
10,176,4.59800e-01,4.08000e-01,1.60974e-02,0.62
10,177,4.59800e-01,4.09000e-01,1.60890e-02,0.57
10,178,4.59600e-01,4.04125e-01,1.61529e-02,0.57
10,179,4.59000e-01,4.08500e-01,1.61504e-02,0.57
10,180,4.59800e-01,4.07750e-01,1.61105e-02,0.57
10,181,4.57600e-01,4.05750e-01,1.60944e-02,0.57
10,182,4.60800e-01,4.08125e-01,1.61528e-02,0.57
10,183,4.60200e-01,4.05875e-01,1.61134e-02,0.57
10,184,4.60200e-01,4.08750e-01,1.61356e-02,0.57
10,185,4.57200e-01,4.07000e-01,1.61045e-02,0.57
10,186,4.61400e-01,4.07500e-01,1.61029e-02,0.57
10,187,4.60600e-01,4.08625e-01,1.61640e-02,0.57
10,188,4.58600e-01,4.08625e-01,1.61007e-02,0.57
10,189,4.61200e-01,4.07250e-01,1.61156e-02,0.66
10,190,4.57400e-01,4.09875e-01,1.61212e-02,0.70
10,191,4.55600e-01,4.08500e-01,1.60965e-02,0.75
10,192,4.66000e-01,4.08250e-01,1.61304e-02,0.49
10,193,4.60600e-01,4.07000e-01,1.61305e-02,0.57
10,194,4.62400e-01,4.09125e-01,1.60648e-02,0.66
10,195,4.63800e-01,4.11375e-01,1.60999e-02,0.74
10,196,4.67200e-01,4.07375e-01,1.60948e-02,0.74
10,197,4.64800e-01,4.06750e-01,1.60927e-02,0.74
10,198,4.66400e-01,4.08250e-01,1.61413e-02,0.78
10,199,4.61600e-01,4.04500e-01,1.60871e-02,0.78
10,200,4.62200e-01,4.06625e-01,1.61030e-02,0.78
20,1,1.89600e-01,2.37875e-01,1.81973e-02,0.49
20,2,2.57400e-01,2.66500e-01,1.78287e-02,0.48
20,3,2.87600e-01,3.03625e-01,1.75567e-02,0.76
20,4,3.11400e-01,3.17375e-01,1.73419e-02,0.80
20,5,3.34600e-01,3.34250e-01,1.72276e-02,0.81
20,6,3.54400e-01,3.44375e-01,1.71461e-02,0.80
20,7,3.61600e-01,3.65875e-01,1.70519e-02,0.79
20,8,3.74000e-01,3.81500e-01,1.69896e-02,0.79
20,9,3.87200e-01,3.80125e-01,1.69441e-02,0.79
20,10,3.89400e-01,3.89250e-01,1.68774e-02,0.80
20,11,4.02400e-01,3.84500e-01,1.68037e-02,0.80
20,12,3.97000e-01,3.87625e-01,1.67876e-02,0.79
20,13,4.06000e-01,3.93000e-01,1.67382e-02,0.81
20,14,4.09000e-01,3.98625e-01,1.67371e-02,0.80
20,15,4.10000e-01,3.98125e-01,1.66801e-02,0.79
20,16,4.12800e-01,3.98875e-01,1.66795e-02,0.71
20,17,4.06600e-01,4.00000e-01,1.66613e-02,0.80
20,18,4.19400e-01,3.99375e-01,1.65890e-02,0.81
20,19,4.14400e-01,3.99875e-01,1.66188e-02,0.76
20,20,4.18000e-01,4.03625e-01,1.65660e-02,0.74
20,21,4.27600e-01,4.00625e-01,1.65788e-02,0.78
20,22,4.26600e-01,4.04625e-01,1.65499e-02,0.49
20,23,4.22000e-01,4.04375e-01,1.65293e-02,0.48
20,24,4.23400e-01,4.03500e-01,1.65247e-02,0.49
20,25,4.22800e-01,4.08500e-01,1.64991e-02,0.48
20,26,4.27600e-01,4.06750e-01,1.65308e-02,0.49
20,27,4.32000e-01,4.07375e-01,1.64745e-02,0.48
20,28,4.25000e-01,4.09375e-01,1.64698e-02,0.49
20,29,4.28400e-01,4.08375e-01,1.64486e-02,0.49
20,30,4.25400e-01,4.11125e-01,1.64785e-02,0.49
20,31,4.32200e-01,4.08250e-01,1.64093e-02,0.48
20,32,4.34200e-01,4.07750e-01,1.64376e-02,0.49
20,33,4.30000e-01,4.12375e-01,1.64340e-02,0.49
20,34,4.40000e-01,4.15250e-01,1.64017e-02,0.49
20,35,4.34800e-01,4.14125e-01,1.64144e-02,0.48
20,36,4.37200e-01,4.12625e-01,1.64146e-02,0.49
20,37,4.36400e-01,4.14500e-01,1.63576e-02,0.49
20,38,4.41200e-01,4.16500e-01,1.63650e-02,0.49
20,39,4.39000e-01,4.18125e-01,1.64010e-02,0.48
20,40,4.45400e-01,4.18750e-01,1.63758e-02,0.48
20,41,4.40000e-01,4.19000e-01,1.63664e-02,0.49
20,42,4.42800e-01,4.19125e-01,1.63660e-02,0.48
20,43,4.43200e-01,4.18875e-01,1.63540e-02,0.49
20,44,4.48800e-01,4.21625e-01,1.63324e-02,0.49
20,45,4.47800e-01,4.22625e-01,1.63168e-02,0.49
20,46,4.44800e-01,4.20125e-01,1.63638e-02,0.48
20,47,4.43400e-01,4.22250e-01,1.63400e-02,0.49
20,48,4.43000e-01,4.22250e-01,1.63620e-02,0.48
20,49,4.48400e-01,4.22875e-01,1.63009e-02,0.49
20,50,4.45400e-01,4.20625e-01,1.63188e-02,0.48
20,51,4.51800e-01,4.23875e-01,1.62690e-02,0.49
20,52,4.47800e-01,4.23500e-01,1.62607e-02,0.49
20,53,4.51200e-01,4.26750e-01,1.63067e-02,0.48
20,54,4.54400e-01,4.24000e-01,1.62770e-02,0.49
20,55,4.53200e-01,4.25750e-01,1.62762e-02,0.48
20,56,4.50200e-01,4.24875e-01,1.62544e-02,0.73
20,57,4.53200e-01,4.26375e-01,1.62768e-02,0.53
20,58,4.51000e-01,4.26000e-01,1.62799e-02,0.50
20,59,4.54600e-01,4.24750e-01,1.62815e-02,0.48
20,60,4.54200e-01,4.25750e-01,1.62177e-02,0.48
20,61,4.55400e-01,4.25625e-01,1.62002e-02,0.48
20,62,4.51600e-01,4.30000e-01,1.62549e-02,0.64
20,63,4.55800e-01,4.30625e-01,1.62889e-02,0.55
20,64,4.55000e-01,4.29000e-01,1.62460e-02,0.48
20,65,4.54400e-01,4.28000e-01,1.62417e-02,0.73
20,66,4.53600e-01,4.29250e-01,1.61971e-02,0.51
20,67,4.60600e-01,4.29500e-01,1.62498e-02,0.49
20,68,4.55800e-01,4.30250e-01,1.62666e-02,0.48
20,69,4.58400e-01,4.28375e-01,1.62024e-02,0.48
20,70,4.60000e-01,4.29875e-01,1.62531e-02,0.48
20,71,4.59600e-01,4.28250e-01,1.61912e-02,0.48
20,72,4.58200e-01,4.32250e-01,1.62316e-02,0.48
20,73,4.57000e-01,4.29625e-01,1.62150e-02,0.48
20,74,4.59000e-01,4.32000e-01,1.62002e-02,0.48
20,75,4.61800e-01,4.31125e-01,1.61913e-02,0.48
20,76,4.61600e-01,4.30250e-01,1.61895e-02,0.48
20,77,4.62000e-01,4.30375e-01,1.61507e-02,0.48
20,78,4.58200e-01,4.31250e-01,1.61816e-02,0.48
20,79,4.62600e-01,4.30250e-01,1.61941e-02,0.48
20,80,4.61400e-01,4.30500e-01,1.62039e-02,0.48
20,81,4.63000e-01,4.31000e-01,1.61462e-02,0.48
20,82,4.63200e-01,4.33375e-01,1.61531e-02,0.48
20,83,4.64600e-01,4.31125e-01,1.61891e-02,0.48
20,84,4.62200e-01,4.34500e-01,1.61572e-02,0.48
20,85,4.65800e-01,4.31875e-01,1.61554e-02,0.48
20,86,4.64000e-01,4.30625e-01,1.61552e-02,0.48
20,87,4.64200e-01,4.34250e-01,1.61824e-02,0.48
20,88,4.65800e-01,4.31625e-01,1.61221e-02,0.49
20,89,4.67000e-01,4.31625e-01,1.61249e-02,0.48
20,90,4.64400e-01,4.35375e-01,1.61112e-02,0.48
20,91,4.70200e-01,4.33500e-01,1.61569e-02,0.48
20,92,4.65800e-01,4.34125e-01,1.61167e-02,0.48
20,93,4.61800e-01,4.32875e-01,1.61423e-02,0.48
20,94,4.65000e-01,4.36500e-01,1.61152e-02,0.48
20,95,4.67400e-01,4.34500e-01,1.61127e-02,0.48
20,96,4.68800e-01,4.33375e-01,1.61442e-02,0.48
20,97,4.62400e-01,4.35500e-01,1.61467e-02,0.48
20,98,4.65000e-01,4.36500e-01,1.61798e-02,0.48
20,99,4.71200e-01,4.35125e-01,1.61444e-02,0.48
20,100,4.65000e-01,4.36000e-01,1.60942e-02,0.48
20,101,4.70000e-01,4.37625e-01,1.61055e-02,0.49
20,102,4.69800e-01,4.37500e-01,1.60524e-02,0.48
20,103,4.68800e-01,4.36875e-01,1.61355e-02,0.48
20,104,4.68400e-01,4.37750e-01,1.61301e-02,0.48
20,105,4.69600e-01,4.38000e-01,1.61350e-02,0.48
20,106,4.71200e-01,4.37875e-01,1.60973e-02,0.48
20,107,4.69600e-01,4.35750e-01,1.61062e-02,0.48
20,108,4.70800e-01,4.38000e-01,1.61016e-02,0.48
20,109,4.68200e-01,4.39625e-01,1.60990e-02,0.48
20,110,4.68800e-01,4.37875e-01,1.61050e-02,0.48
20,111,4.68400e-01,4.37750e-01,1.61013e-02,0.48
20,112,4.68400e-01,4.38000e-01,1.60657e-02,0.48
20,113,4.71800e-01,4.39125e-01,1.60656e-02,0.48
20,114,4.73400e-01,4.38625e-01,1.60764e-02,0.49
20,115,4.71000e-01,4.38500e-01,1.60898e-02,0.48
20,116,4.70200e-01,4.39000e-01,1.60837e-02,0.48
20,117,4.70200e-01,4.40500e-01,1.60997e-02,0.48
20,118,4.71200e-01,4.38875e-01,1.60802e-02,0.48
20,119,4.74400e-01,4.38750e-01,1.61222e-02,0.48
20,120,4.73600e-01,4.40375e-01,1.60805e-02,0.48
20,121,4.73400e-01,4.39500e-01,1.60952e-02,0.48
20,122,4.74400e-01,4.39125e-01,1.60467e-02,0.48
20,123,4.70800e-01,4.41750e-01,1.60849e-02,0.48
20,124,4.72200e-01,4.38500e-01,1.61101e-02,0.48
20,125,4.72400e-01,4.40500e-01,1.60733e-02,0.48
20,126,4.68800e-01,4.38250e-01,1.60674e-02,0.48
20,127,4.74800e-01,4.40375e-01,1.60527e-02,0.49
20,128,4.77000e-01,4.40375e-01,1.60680e-02,0.48
20,129,4.74000e-01,4.41000e-01,1.61189e-02,0.48
20,130,4.74600e-01,4.41250e-01,1.60593e-02,0.48
20,131,4.72600e-01,4.41875e-01,1.60694e-02,0.48
20,132,4.77800e-01,4.41500e-01,1.60821e-02,0.48
20,133,4.75800e-01,4.41500e-01,1.60289e-02,0.48
20,134,4.79000e-01,4.44625e-01,1.60535e-02,0.48
20,135,4.74800e-01,4.42000e-01,1.60440e-02,0.48
20,136,4.76000e-01,4.42375e-01,1.60921e-02,0.74
20,137,4.77400e-01,4.41625e-01,1.60192e-02,0.74
20,138,4.76000e-01,4.40000e-01,1.60035e-02,0.74
20,139,4.74200e-01,4.43375e-01,1.60651e-02,0.75
20,140,4.76400e-01,4.41875e-01,1.60615e-02,0.74
20,141,4.78800e-01,4.42375e-01,1.60587e-02,0.74
20,142,4.78600e-01,4.42125e-01,1.60510e-02,0.74
20,143,4.76000e-01,4.46375e-01,1.60640e-02,0.56
20,144,4.77000e-01,4.43625e-01,1.59633e-02,0.49
20,145,4.78800e-01,4.45000e-01,1.60645e-02,0.49
20,146,4.81200e-01,4.43000e-01,1.60358e-02,0.65
20,147,4.75400e-01,4.47125e-01,1.60403e-02,0.75
20,148,4.77200e-01,4.44375e-01,1.60296e-02,0.71
20,149,4.78800e-01,4.41875e-01,1.60359e-02,0.73
20,150,4.82600e-01,4.41750e-01,1.60066e-02,0.73
20,151,4.73000e-01,4.44500e-01,1.60500e-02,0.73
20,152,4.73400e-01,4.44250e-01,1.60567e-02,0.78
20,153,4.76800e-01,4.45375e-01,1.60524e-02,0.55
20,154,4.75400e-01,4.42500e-01,1.60266e-02,0.49
20,155,4.76200e-01,4.45000e-01,1.60281e-02,0.72
20,156,4.79400e-01,4.46250e-01,1.60313e-02,0.74
20,157,4.80400e-01,4.43375e-01,1.60226e-02,0.66
20,158,4.81000e-01,4.47500e-01,1.60342e-02,0.48
20,159,4.79000e-01,4.42375e-01,1.60186e-02,0.48
20,160,4.78800e-01,4.46250e-01,1.60112e-02,0.48
20,161,4.80400e-01,4.43000e-01,1.60185e-02,0.48
20,162,4.77400e-01,4.45250e-01,1.60294e-02,0.48
20,163,4.80600e-01,4.46625e-01,1.59826e-02,0.48
20,164,4.80000e-01,4.44750e-01,1.60032e-02,0.64
20,165,4.82800e-01,4.44500e-01,1.59920e-02,0.67
20,166,4.77000e-01,4.46125e-01,1.59604e-02,0.69
20,167,4.79200e-01,4.45875e-01,1.59870e-02,0.68
20,168,4.77400e-01,4.44750e-01,1.60230e-02,0.71
20,169,4.80400e-01,4.43875e-01,1.60317e-02,0.69
20,170,4.79600e-01,4.45750e-01,1.59986e-02,0.69
20,171,4.82200e-01,4.47000e-01,1.60167e-02,0.64
20,172,4.80800e-01,4.43875e-01,1.59779e-02,0.41
20,173,4.75800e-01,4.46125e-01,1.60018e-02,0.41
20,174,4.81800e-01,4.44250e-01,1.60025e-02,0.41
20,175,4.77000e-01,4.43875e-01,1.59945e-02,0.41
20,176,4.78600e-01,4.44750e-01,1.60280e-02,0.41
20,177,4.80000e-01,4.42875e-01,1.60676e-02,0.41
20,178,4.80400e-01,4.44000e-01,1.59587e-02,0.41
20,179,4.82200e-01,4.45000e-01,1.60189e-02,0.41
20,180,4.79200e-01,4.45125e-01,1.59797e-02,0.41
20,181,4.82200e-01,4.45000e-01,1.59723e-02,0.41
20,182,4.79400e-01,4.48250e-01,1.60133e-02,0.41
20,183,4.80600e-01,4.44000e-01,1.59617e-02,0.58
20,184,4.81400e-01,4.45750e-01,1.60087e-02,0.69
20,185,4.81200e-01,4.43125e-01,1.60046e-02,0.70
20,186,4.82200e-01,4.48125e-01,1.59908e-02,0.47
20,187,4.80200e-01,4.46250e-01,1.59732e-02,0.65
20,188,4.83600e-01,4.45625e-01,1.59487e-02,0.46
20,189,4.78800e-01,4.48500e-01,1.59577e-02,0.42
20,190,4.84000e-01,4.45625e-01,1.59922e-02,0.57
20,191,4.81400e-01,4.48250e-01,1.59762e-02,0.68
20,192,4.85000e-01,4.47125e-01,1.59641e-02,0.69
20,193,4.85200e-01,4.47250e-01,1.59538e-02,0.72
20,194,4.83800e-01,4.48000e-01,1.59526e-02,0.72
20,195,4.80800e-01,4.48500e-01,1.59576e-02,0.73
20,196,4.80800e-01,4.48000e-01,1.59790e-02,0.52
20,197,4.82000e-01,4.47750e-01,1.59687e-02,0.42
20,198,4.87800e-01,4.45625e-01,1.59840e-02,0.41
20,199,4.82200e-01,4.47750e-01,1.59687e-02,0.66
20,200,4.83000e-01,4.46750e-01,1.59704e-02,0.69
30,1,1.72000e-01,2.22000e-01,1.82526e-02,0.59
30,2,2.39400e-01,2.63000e-01,1.79057e-02,0.76
30,3,2.75200e-01,2.92000e-01,1.76402e-02,0.80
30,4,3.08200e-01,3.03375e-01,1.74332e-02,0.54
30,5,3.20600e-01,3.29875e-01,1.72790e-02,0.48
30,6,3.55200e-01,3.46125e-01,1.71720e-02,0.48
30,7,3.79000e-01,3.58000e-01,1.70780e-02,0.48
30,8,3.73000e-01,3.76375e-01,1.70219e-02,0.48
30,9,3.94800e-01,3.79500e-01,1.69285e-02,0.48
30,10,4.02600e-01,3.85375e-01,1.68835e-02,0.48
30,11,4.04800e-01,3.92875e-01,1.68651e-02,0.48
30,12,4.10400e-01,3.94250e-01,1.68308e-02,0.48
30,13,4.17600e-01,3.91375e-01,1.67869e-02,0.48
30,14,4.15400e-01,4.02375e-01,1.67552e-02,0.48
30,15,4.21000e-01,4.03875e-01,1.67135e-02,0.48
30,16,4.19800e-01,4.02875e-01,1.66792e-02,0.48
30,17,4.22000e-01,4.05500e-01,1.66407e-02,0.48
30,18,4.24800e-01,4.03375e-01,1.65944e-02,0.48
30,19,4.24800e-01,4.07125e-01,1.65923e-02,0.48
30,20,4.26200e-01,4.10250e-01,1.65930e-02,0.48
30,21,4.31400e-01,4.05250e-01,1.65842e-02,0.48
30,22,4.30200e-01,4.14250e-01,1.65603e-02,0.49
30,23,4.32000e-01,4.12000e-01,1.64985e-02,0.48
30,24,4.28200e-01,4.15875e-01,1.65022e-02,0.48
30,25,4.36400e-01,4.16375e-01,1.64646e-02,0.48
30,26,4.32000e-01,4.14875e-01,1.64934e-02,0.49
30,27,4.36200e-01,4.16875e-01,1.64637e-02,0.49
30,28,4.36200e-01,4.18500e-01,1.64583e-02,0.68
30,29,4.43000e-01,4.19750e-01,1.64487e-02,0.62
30,30,4.42800e-01,4.22000e-01,1.64522e-02,0.53
30,31,4.40200e-01,4.22875e-01,1.64283e-02,0.74
30,32,4.42800e-01,4.23625e-01,1.64068e-02,0.80
30,33,4.44800e-01,4.26500e-01,1.64090e-02,0.80
30,34,4.45000e-01,4.25125e-01,1.64171e-02,0.80
30,35,4.43800e-01,4.26375e-01,1.63254e-02,0.80
30,36,4.42400e-01,4.26625e-01,1.63739e-02,0.75
30,37,4.47600e-01,4.28125e-01,1.63583e-02,0.75
30,38,4.48600e-01,4.27125e-01,1.63551e-02,0.75
30,39,4.45800e-01,4.28500e-01,1.63571e-02,0.74
30,40,4.48200e-01,4.27875e-01,1.63265e-02,0.74
30,41,4.47800e-01,4.29250e-01,1.63500e-02,0.73
30,42,4.47000e-01,4.29750e-01,1.63224e-02,0.58
30,43,4.48000e-01,4.30375e-01,1.63601e-02,0.63
30,44,4.46600e-01,4.30625e-01,1.62915e-02,0.54
30,45,4.52800e-01,4.31625e-01,1.63283e-02,0.49
30,46,4.52600e-01,4.30750e-01,1.63191e-02,0.48
30,47,4.50400e-01,4.31000e-01,1.62524e-02,0.54
30,48,4.51400e-01,4.33500e-01,1.63315e-02,0.48
30,49,4.51000e-01,4.32375e-01,1.63176e-02,0.49
30,50,4.52200e-01,4.35000e-01,1.62413e-02,0.48
30,51,4.55400e-01,4.31750e-01,1.62915e-02,0.71
30,52,4.56200e-01,4.32500e-01,1.62775e-02,0.68
30,53,4.51800e-01,4.35750e-01,1.62356e-02,0.65
30,54,4.54000e-01,4.35500e-01,1.62426e-02,0.55
30,55,4.51400e-01,4.37625e-01,1.62889e-02,0.48
30,56,4.56800e-01,4.36250e-01,1.62741e-02,0.48
30,57,4.53600e-01,4.35500e-01,1.62014e-02,0.48
30,58,4.54800e-01,4.34625e-01,1.62545e-02,0.48
30,59,4.54800e-01,4.35500e-01,1.62344e-02,0.48
30,60,4.60000e-01,4.36750e-01,1.62408e-02,0.48
30,61,4.56800e-01,4.36125e-01,1.62429e-02,0.48
30,62,4.57200e-01,4.36625e-01,1.62180e-02,0.48
30,63,4.56800e-01,4.36750e-01,1.62176e-02,0.48
30,64,4.60600e-01,4.37250e-01,1.61827e-02,0.48
30,65,4.57800e-01,4.38375e-01,1.61805e-02,0.49
30,66,4.57600e-01,4.37250e-01,1.61664e-02,0.65
30,67,4.59600e-01,4.38625e-01,1.62323e-02,0.55
30,68,4.58200e-01,4.38000e-01,1.62135e-02,0.49
30,69,4.60200e-01,4.38375e-01,1.61923e-02,0.48
30,70,4.60400e-01,4.37875e-01,1.61842e-02,0.48
30,71,4.60200e-01,4.38125e-01,1.62043e-02,0.48
30,72,4.61600e-01,4.38000e-01,1.61928e-02,0.48
30,73,4.58400e-01,4.38625e-01,1.61545e-02,0.48
30,74,4.61400e-01,4.40750e-01,1.61756e-02,0.48
30,75,4.60600e-01,4.39875e-01,1.61101e-02,0.48
30,76,4.58400e-01,4.40000e-01,1.61508e-02,0.48
30,77,4.61600e-01,4.41125e-01,1.61334e-02,0.48
30,78,4.61400e-01,4.39875e-01,1.61147e-02,0.48
30,79,4.65400e-01,4.41000e-01,1.61258e-02,0.48
30,80,4.62400e-01,4.39875e-01,1.61480e-02,0.48
30,81,4.66200e-01,4.40625e-01,1.61640e-02,0.49
30,82,4.63200e-01,4.38500e-01,1.61261e-02,0.48
30,83,4.65800e-01,4.41250e-01,1.60962e-02,0.48
30,84,4.65200e-01,4.41500e-01,1.61087e-02,0.48
30,85,4.70400e-01,4.40375e-01,1.61055e-02,0.48
30,86,4.62000e-01,4.41125e-01,1.61380e-02,0.48
30,87,4.67400e-01,4.41250e-01,1.61350e-02,0.48
30,88,4.65400e-01,4.41125e-01,1.61332e-02,0.48
30,89,4.61600e-01,4.40875e-01,1.61366e-02,0.48
30,90,4.64600e-01,4.40500e-01,1.60652e-02,0.48
30,91,4.67400e-01,4.42375e-01,1.61137e-02,0.48
30,92,4.66400e-01,4.42000e-01,1.61399e-02,0.48
30,93,4.68000e-01,4.42750e-01,1.60886e-02,0.51
30,94,4.70000e-01,4.42875e-01,1.61162e-02,0.48
30,95,4.65800e-01,4.42750e-01,1.61078e-02,0.48
30,96,4.65400e-01,4.43875e-01,1.61200e-02,0.48
30,97,4.69800e-01,4.44000e-01,1.61081e-02,0.48
30,98,4.68800e-01,4.42875e-01,1.61603e-02,0.48
30,99,4.69400e-01,4.45125e-01,1.60986e-02,0.48
30,100,4.68600e-01,4.43125e-01,1.60976e-02,0.48
30,101,4.70000e-01,4.41875e-01,1.60981e-02,0.48
30,102,4.67600e-01,4.41125e-01,1.61031e-02,0.48
30,103,4.71400e-01,4.44250e-01,1.60754e-02,0.48
30,104,4.70800e-01,4.44250e-01,1.60796e-02,0.48
30,105,4.70400e-01,4.45125e-01,1.60946e-02,0.48
30,106,4.68600e-01,4.43500e-01,1.61110e-02,0.48
30,107,4.68000e-01,4.45750e-01,1.60966e-02,0.48
30,108,4.71400e-01,4.44000e-01,1.60507e-02,0.48
30,109,4.75000e-01,4.45250e-01,1.60919e-02,0.48
30,110,4.70400e-01,4.42875e-01,1.60415e-02,0.48
30,111,4.72600e-01,4.45750e-01,1.60605e-02,0.49
30,112,4.73400e-01,4.45125e-01,1.60157e-02,0.79
30,113,4.72600e-01,4.46375e-01,1.60794e-02,0.80
30,114,4.72800e-01,4.45875e-01,1.60780e-02,0.81
30,115,4.72600e-01,4.45625e-01,1.60382e-02,0.80
30,116,4.71000e-01,4.43750e-01,1.60473e-02,0.80
30,117,4.72000e-01,4.47000e-01,1.60698e-02,0.79
30,118,4.74600e-01,4.45000e-01,1.60480e-02,0.73
30,119,4.68400e-01,4.45875e-01,1.60844e-02,0.55
30,120,4.75600e-01,4.47375e-01,1.60408e-02,0.48
30,121,4.73800e-01,4.45375e-01,1.60135e-02,0.48
30,122,4.72200e-01,4.47000e-01,1.60517e-02,0.48
30,123,4.74400e-01,4.45625e-01,1.60426e-02,0.48
30,124,4.74600e-01,4.46500e-01,1.60709e-02,0.48
30,125,4.73400e-01,4.44750e-01,1.60197e-02,0.48
30,126,4.77000e-01,4.47125e-01,1.59922e-02,0.48
30,127,4.76800e-01,4.46375e-01,1.60331e-02,0.48
30,128,4.76400e-01,4.46375e-01,1.60236e-02,0.48
30,129,4.72000e-01,4.45750e-01,1.60424e-02,0.48
30,130,4.77600e-01,4.48500e-01,1.60274e-02,0.48
30,131,4.77600e-01,4.46500e-01,1.60094e-02,0.48
30,132,4.77400e-01,4.47750e-01,1.60297e-02,0.48
30,133,4.73400e-01,4.48625e-01,1.60664e-02,0.71
30,134,4.77000e-01,4.48625e-01,1.59985e-02,0.78
30,135,4.73600e-01,4.49000e-01,1.60132e-02,0.50
30,136,4.76800e-01,4.47750e-01,1.60027e-02,0.75
30,137,4.78000e-01,4.48625e-01,1.59737e-02,0.74
30,138,4.75400e-01,4.49000e-01,1.60278e-02,0.53
30,139,4.79000e-01,4.50250e-01,1.59807e-02,0.48
30,140,4.78200e-01,4.49500e-01,1.60189e-02,0.66
30,141,4.77000e-01,4.46750e-01,1.60244e-02,0.73
30,142,4.77600e-01,4.48875e-01,1.60278e-02,0.72
30,143,4.77400e-01,4.49375e-01,1.59916e-02,0.67
30,144,4.77800e-01,4.50625e-01,1.60344e-02,0.68
30,145,4.78600e-01,4.51125e-01,1.60498e-02,0.70
30,146,4.78200e-01,4.50375e-01,1.59729e-02,0.70
30,147,4.75600e-01,4.51875e-01,1.60158e-02,0.51
30,148,4.82200e-01,4.50875e-01,1.59650e-02,0.48
30,149,4.75800e-01,4.50875e-01,1.59998e-02,0.48
30,150,4.81200e-01,4.52375e-01,1.60227e-02,0.48
30,151,4.78200e-01,4.49125e-01,1.59905e-02,0.48
30,152,4.81000e-01,4.53000e-01,1.59404e-02,0.48
30,153,4.78200e-01,4.51500e-01,1.59636e-02,0.49
30,154,4.80400e-01,4.50625e-01,1.59783e-02,0.76
30,155,4.77600e-01,4.52250e-01,1.59972e-02,0.80
30,156,4.81400e-01,4.51500e-01,1.59997e-02,0.80
30,157,4.80200e-01,4.51500e-01,1.59682e-02,0.80
30,158,4.80800e-01,4.50000e-01,1.60401e-02,0.79
30,159,4.79800e-01,4.52250e-01,1.59785e-02,0.80
30,160,4.77200e-01,4.49500e-01,1.60071e-02,0.79
30,161,4.82200e-01,4.51375e-01,1.59783e-02,0.80
30,162,4.80000e-01,4.53500e-01,1.59449e-02,0.80
30,163,4.76800e-01,4.52250e-01,1.59629e-02,0.79
30,164,4.80000e-01,4.52000e-01,1.59455e-02,0.80
30,165,4.83400e-01,4.52875e-01,1.60293e-02,0.80
30,166,4.82000e-01,4.51125e-01,1.59113e-02,0.77
30,167,4.79000e-01,4.53250e-01,1.59555e-02,0.72
30,168,4.79800e-01,4.53500e-01,1.59734e-02,0.71
30,169,4.84800e-01,4.52375e-01,1.59788e-02,0.73
30,170,4.83200e-01,4.53875e-01,1.59668e-02,0.79
30,171,4.81200e-01,4.52625e-01,1.59951e-02,0.79
30,172,4.82600e-01,4.52125e-01,1.59331e-02,0.76
30,173,4.84000e-01,4.53750e-01,1.59629e-02,0.80
30,174,4.77400e-01,4.52625e-01,1.59910e-02,0.80
30,175,4.83800e-01,4.54500e-01,1.59879e-02,0.79
30,176,4.81200e-01,4.52875e-01,1.59148e-02,0.78
30,177,4.82200e-01,4.54375e-01,1.59196e-02,0.78
30,178,4.85600e-01,4.51625e-01,1.59522e-02,0.78
30,179,4.81800e-01,4.53625e-01,1.59197e-02,0.80
30,180,4.81200e-01,4.54125e-01,1.59367e-02,0.80
30,181,4.85200e-01,4.53625e-01,1.59521e-02,0.80
30,182,4.84600e-01,4.52750e-01,1.59394e-02,0.80
30,183,4.82600e-01,4.52375e-01,1.59545e-02,0.79
30,184,4.84400e-01,4.52875e-01,1.59537e-02,0.79
30,185,4.85200e-01,4.55000e-01,1.59297e-02,0.61
30,186,4.82200e-01,4.53375e-01,1.59566e-02,0.57
30,187,4.85800e-01,4.54750e-01,1.59526e-02,0.57
30,188,4.85800e-01,4.53750e-01,1.59486e-02,0.57
30,189,4.83000e-01,4.52375e-01,1.59602e-02,0.57
30,190,4.87200e-01,4.53125e-01,1.59482e-02,0.57
30,191,4.85400e-01,4.51750e-01,1.59460e-02,0.72
30,192,4.87200e-01,4.54500e-01,1.59122e-02,0.81
30,193,4.86600e-01,4.53625e-01,1.59497e-02,0.80
30,194,4.83200e-01,4.53875e-01,1.59433e-02,0.80
30,195,4.86600e-01,4.54875e-01,1.59540e-02,0.76
30,196,4.83800e-01,4.55750e-01,1.59696e-02,0.75
30,197,4.86600e-01,4.56125e-01,1.59678e-02,0.75
30,198,4.85600e-01,4.56375e-01,1.59568e-02,0.80
30,199,4.86000e-01,4.56375e-01,1.58726e-02,0.81
30,200,4.86200e-01,4.53125e-01,1.59601e-02,0.79
40,1,1.48400e-01,1.89750e-01,1.82823e-02,0.54
40,2,2.56800e-01,2.92750e-01,1.77808e-02,0.53
40,3,3.06200e-01,3.18500e-01,1.74623e-02,0.76
40,4,3.46200e-01,3.46250e-01,1.72416e-02,0.79
40,5,3.74800e-01,3.60000e-01,1.70645e-02,0.79
40,6,3.95400e-01,3.88125e-01,1.69371e-02,0.68
40,7,4.04200e-01,3.99500e-01,1.68645e-02,0.53
40,8,4.17800e-01,4.09125e-01,1.67850e-02,0.70
40,9,4.24200e-01,4.10375e-01,1.66830e-02,0.80
40,10,4.26800e-01,4.15250e-01,1.66345e-02,0.80
40,11,4.28600e-01,4.16000e-01,1.65967e-02,0.80
40,12,4.35600e-01,4.19125e-01,1.65900e-02,0.80
40,13,4.37800e-01,4.20500e-01,1.64984e-02,0.66
40,14,4.41600e-01,4.21750e-01,1.64846e-02,0.49
40,15,4.46200e-01,4.23500e-01,1.64718e-02,0.65
40,16,4.53800e-01,4.46625e-01,1.63938e-02,0.72
40,17,4.69600e-01,4.50125e-01,1.63278e-02,0.73
40,18,4.78400e-01,4.58000e-01,1.62995e-02,0.74
40,19,4.84000e-01,4.59375e-01,1.62680e-02,0.73
40,20,4.81800e-01,4.60000e-01,1.62130e-02,0.74
40,21,4.84400e-01,4.59500e-01,1.62151e-02,0.74
40,22,4.82400e-01,4.62500e-01,1.61840e-02,0.77
40,23,4.89200e-01,4.62750e-01,1.61503e-02,0.80
40,24,4.87600e-01,4.63750e-01,1.61248e-02,0.79
40,25,4.92400e-01,4.66250e-01,1.61084e-02,0.75
40,26,4.90400e-01,4.67000e-01,1.60868e-02,0.72
40,27,4.94800e-01,4.67750e-01,1.60512e-02,0.72
40,28,4.92200e-01,4.71875e-01,1.60763e-02,0.79
40,29,4.98800e-01,4.73250e-01,1.60135e-02,0.81
40,30,4.99800e-01,4.73250e-01,1.60435e-02,0.81
40,31,5.01400e-01,4.75875e-01,1.60044e-02,0.80
40,32,5.01000e-01,4.75250e-01,1.59654e-02,0.80
40,33,4.98000e-01,4.77875e-01,1.59754e-02,0.75
40,34,5.03600e-01,4.76250e-01,1.59890e-02,0.79
40,35,5.04000e-01,4.79250e-01,1.59686e-02,0.79
40,36,5.01000e-01,4.80625e-01,1.59229e-02,0.75
40,37,5.05600e-01,4.81625e-01,1.59345e-02,0.79
40,38,5.03400e-01,4.82625e-01,1.58894e-02,0.79
40,39,5.03800e-01,4.84750e-01,1.59416e-02,0.72
40,40,5.03200e-01,4.82125e-01,1.58891e-02,0.76
40,41,5.04000e-01,4.81250e-01,1.59150e-02,0.56
40,42,5.06600e-01,4.85375e-01,1.58701e-02,0.53
40,43,5.08800e-01,4.85375e-01,1.58681e-02,0.53
40,44,5.09600e-01,4.87375e-01,1.58793e-02,0.53
40,45,5.10800e-01,4.87500e-01,1.58266e-02,0.53
40,46,5.09000e-01,4.85125e-01,1.58752e-02,0.53
40,47,5.10400e-01,4.85625e-01,1.58456e-02,0.53
40,48,5.12400e-01,4.85750e-01,1.58951e-02,0.53
40,49,5.10400e-01,4.88000e-01,1.58426e-02,0.53
40,50,5.11000e-01,4.88000e-01,1.58625e-02,0.53
40,51,5.13600e-01,4.88625e-01,1.58084e-02,0.53
40,52,5.15200e-01,4.90875e-01,1.57720e-02,0.53
40,53,5.14200e-01,4.91500e-01,1.58144e-02,0.76
40,54,5.15600e-01,4.91750e-01,1.57838e-02,0.79
40,55,5.15000e-01,4.90625e-01,1.58093e-02,0.62
40,56,5.15800e-01,4.93250e-01,1.57986e-02,0.53
40,57,5.13200e-01,4.91250e-01,1.57571e-02,0.79
40,58,5.16400e-01,4.90500e-01,1.57643e-02,0.67
40,59,5.19600e-01,4.94000e-01,1.58033e-02,0.48
40,60,5.19400e-01,4.93125e-01,1.57590e-02,0.49
40,61,5.17600e-01,4.91375e-01,1.57176e-02,0.48
40,62,5.19000e-01,4.95000e-01,1.57032e-02,0.49
40,63,5.19000e-01,4.93875e-01,1.57936e-02,0.48
40,64,5.18600e-01,4.95750e-01,1.57798e-02,0.49
40,65,5.18600e-01,4.96125e-01,1.56994e-02,0.49
40,66,5.24600e-01,4.96500e-01,1.57326e-02,0.48
40,67,5.22400e-01,4.96500e-01,1.57037e-02,0.49
40,68,5.21600e-01,4.96750e-01,1.56969e-02,0.48
40,69,5.25400e-01,4.96125e-01,1.57459e-02,0.49
40,70,5.26400e-01,4.96875e-01,1.57142e-02,0.48
40,71,5.30200e-01,5.00625e-01,1.56941e-02,0.49
40,72,5.25600e-01,4.96750e-01,1.56965e-02,0.48
40,73,5.25800e-01,4.98125e-01,1.57225e-02,0.49
40,74,5.27400e-01,5.00375e-01,1.57007e-02,0.48
40,75,5.27600e-01,5.01625e-01,1.56653e-02,0.49
40,76,5.27400e-01,4.99000e-01,1.56862e-02,0.49
40,77,5.28400e-01,5.00000e-01,1.56898e-02,0.48
40,78,5.29800e-01,5.00875e-01,1.56975e-02,0.49
40,79,5.27800e-01,5.01125e-01,1.56874e-02,0.48
40,80,5.28000e-01,5.02000e-01,1.56615e-02,0.49
40,81,5.28000e-01,5.02875e-01,1.56799e-02,0.48
40,82,5.30400e-01,5.02625e-01,1.56965e-02,0.49
40,83,5.29000e-01,5.03000e-01,1.56869e-02,0.49
40,84,5.31000e-01,5.00875e-01,1.56661e-02,0.48
40,85,5.32000e-01,5.02125e-01,1.56127e-02,0.49
40,86,5.30800e-01,5.03375e-01,1.56834e-02,0.73
40,87,5.27000e-01,5.04375e-01,1.56218e-02,0.80
40,88,5.31200e-01,5.05875e-01,1.56672e-02,0.80
40,89,5.31800e-01,5.05875e-01,1.55728e-02,0.81
40,90,5.32600e-01,5.05125e-01,1.56288e-02,0.81
40,91,5.31800e-01,5.05500e-01,1.56335e-02,0.83
40,92,5.33000e-01,5.04250e-01,1.56857e-02,0.82
40,93,5.35400e-01,5.07000e-01,1.56161e-02,0.81
40,94,5.36000e-01,5.04375e-01,1.55913e-02,0.53
40,95,5.32400e-01,5.06375e-01,1.56236e-02,0.53
40,96,5.36200e-01,5.07500e-01,1.56122e-02,0.53
40,97,5.37200e-01,5.06375e-01,1.56393e-02,0.53
40,98,5.32400e-01,5.07750e-01,1.56343e-02,0.53
40,99,5.34800e-01,5.08250e-01,1.56262e-02,0.53
40,100,5.39200e-01,5.07000e-01,1.55760e-02,0.53
40,101,5.39400e-01,5.07750e-01,1.55885e-02,0.53
40,102,5.38000e-01,5.08250e-01,1.55756e-02,0.53
40,103,5.35600e-01,5.10375e-01,1.56434e-02,0.53
40,104,5.40000e-01,5.09250e-01,1.55687e-02,0.53
40,105,5.36600e-01,5.09750e-01,1.56179e-02,0.53
40,106,5.40000e-01,5.11000e-01,1.56151e-02,0.53
40,107,5.38000e-01,5.11375e-01,1.55522e-02,0.53
40,108,5.39800e-01,5.11000e-01,1.55486e-02,0.53
40,109,5.38600e-01,5.10375e-01,1.55895e-02,0.53
40,110,5.42200e-01,5.11625e-01,1.55367e-02,0.53
40,111,5.39600e-01,5.10000e-01,1.56169e-02,0.69
40,112,5.37800e-01,5.10750e-01,1.55588e-02,0.77
40,113,5.41200e-01,5.10250e-01,1.55899e-02,0.75
40,114,5.40400e-01,5.09875e-01,1.55956e-02,0.75
40,115,5.40400e-01,5.11875e-01,1.55540e-02,0.75
40,116,5.42600e-01,5.13625e-01,1.55315e-02,0.74
40,117,5.43400e-01,5.10875e-01,1.55812e-02,0.76
40,118,5.44800e-01,5.12625e-01,1.55610e-02,0.50
40,119,5.43800e-01,5.13000e-01,1.55841e-02,0.49
40,120,5.41400e-01,5.13375e-01,1.55932e-02,0.48
40,121,5.41800e-01,5.14125e-01,1.55304e-02,0.50
40,122,5.43000e-01,5.13875e-01,1.55336e-02,0.52
40,123,5.45000e-01,5.14500e-01,1.55654e-02,0.53
40,124,5.44400e-01,5.14000e-01,1.55880e-02,0.53
40,125,5.45400e-01,5.15000e-01,1.55890e-02,0.54
40,126,5.44600e-01,5.15000e-01,1.55237e-02,0.53
40,127,5.46200e-01,5.14250e-01,1.55080e-02,0.53
40,128,5.48200e-01,5.13375e-01,1.55253e-02,0.53
40,129,5.43000e-01,5.12500e-01,1.55169e-02,0.53
40,130,5.45600e-01,5.14750e-01,1.55467e-02,0.53
40,131,5.43800e-01,5.14875e-01,1.55326e-02,0.53
40,132,5.42400e-01,5.14500e-01,1.55296e-02,0.53
40,133,5.46600e-01,5.14375e-01,1.55255e-02,0.53
40,134,5.46600e-01,5.15250e-01,1.55046e-02,0.53
40,135,5.47400e-01,5.15000e-01,1.55428e-02,0.53
40,136,5.47200e-01,5.15250e-01,1.55170e-02,0.53
40,137,5.49400e-01,5.17750e-01,1.55000e-02,0.53
40,138,5.47600e-01,5.16500e-01,1.55040e-02,0.53
40,139,5.49800e-01,5.16125e-01,1.55309e-02,0.50
40,140,5.48800e-01,5.16375e-01,1.54909e-02,0.48
40,141,5.49600e-01,5.17000e-01,1.55044e-02,0.73
40,142,5.51000e-01,5.17250e-01,1.55173e-02,0.74
40,143,5.46600e-01,5.17875e-01,1.54667e-02,0.74
40,144,5.48400e-01,5.19250e-01,1.55141e-02,0.61
40,145,5.51000e-01,5.17750e-01,1.54631e-02,0.50
40,146,5.51600e-01,5.18750e-01,1.55029e-02,0.65
40,147,5.50200e-01,5.20000e-01,1.55009e-02,0.76
40,148,5.51200e-01,5.16625e-01,1.54717e-02,0.79
40,149,5.51600e-01,5.18500e-01,1.54729e-02,0.79
40,150,5.51600e-01,5.18750e-01,1.54804e-02,0.79
40,151,5.50400e-01,5.18500e-01,1.55160e-02,0.79
40,152,5.52000e-01,5.18125e-01,1.54949e-02,0.80
40,153,5.54400e-01,5.18250e-01,1.54290e-02,0.79
40,154,5.53200e-01,5.19375e-01,1.55182e-02,0.79
40,155,5.54600e-01,5.19875e-01,1.54846e-02,0.80
40,156,5.52400e-01,5.18250e-01,1.54405e-02,0.79
40,157,5.55200e-01,5.19500e-01,1.54810e-02,0.79
40,158,5.55600e-01,5.20125e-01,1.54610e-02,0.76
40,159,5.52200e-01,5.19625e-01,1.55024e-02,0.75
40,160,5.53800e-01,5.19000e-01,1.55184e-02,0.75
40,161,5.55800e-01,5.19500e-01,1.54681e-02,0.79
40,162,5.55600e-01,5.21625e-01,1.54570e-02,0.80
40,163,5.59200e-01,5.20625e-01,1.54144e-02,0.75
40,164,5.55400e-01,5.20750e-01,1.54448e-02,0.73
40,165,5.53400e-01,5.20375e-01,1.54556e-02,0.75
40,166,5.53600e-01,5.21750e-01,1.54724e-02,0.75
40,167,5.56000e-01,5.20375e-01,1.54796e-02,0.74
40,168,5.57000e-01,5.21375e-01,1.54571e-02,0.74
40,169,5.56600e-01,5.21250e-01,1.54144e-02,0.75
40,170,5.55800e-01,5.23125e-01,1.54579e-02,0.74
40,171,5.53400e-01,5.23625e-01,1.54942e-02,0.74
40,172,5.58000e-01,5.23625e-01,1.54528e-02,0.74
40,173,5.56800e-01,5.21875e-01,1.54094e-02,0.73
40,174,5.56200e-01,5.21750e-01,1.54626e-02,0.72
40,175,5.56800e-01,5.19750e-01,1.54015e-02,0.70
40,176,5.57000e-01,5.22000e-01,1.54570e-02,0.78
40,177,5.55200e-01,5.22375e-01,1.54438e-02,0.79
40,178,5.56800e-01,5.20875e-01,1.54274e-02,0.79
40,179,5.59400e-01,5.22625e-01,1.54389e-02,0.79
40,180,5.59200e-01,5.21375e-01,1.54564e-02,0.79
40,181,5.57800e-01,5.23125e-01,1.54776e-02,0.78
40,182,5.57800e-01,5.22875e-01,1.54412e-02,0.79
40,183,5.58200e-01,5.22500e-01,1.54094e-02,0.76
40,184,5.55200e-01,5.21000e-01,1.54199e-02,0.56
40,185,5.58400e-01,5.22000e-01,1.53785e-02,0.49
40,186,5.60800e-01,5.22750e-01,1.53994e-02,0.49
40,187,5.58400e-01,5.22375e-01,1.54222e-02,0.56
40,188,5.58000e-01,5.22750e-01,1.53994e-02,0.53
40,189,5.60000e-01,5.22750e-01,1.54392e-02,0.53
40,190,5.61000e-01,5.23375e-01,1.54359e-02,0.77
40,191,5.59600e-01,5.20500e-01,1.54480e-02,0.81
40,192,5.59800e-01,5.22750e-01,1.54497e-02,0.80
40,193,5.60600e-01,5.21000e-01,1.54004e-02,0.82
40,194,5.60800e-01,5.21375e-01,1.54291e-02,0.81
40,195,5.59200e-01,5.22375e-01,1.54081e-02,0.80
40,196,5.58000e-01,5.24000e-01,1.54214e-02,0.80
40,197,5.60400e-01,5.24375e-01,1.53948e-02,0.80
40,198,5.62000e-01,5.23375e-01,1.53969e-02,0.77
40,199,5.58600e-01,5.22250e-01,1.54195e-02,0.75
40,200,5.62000e-01,5.24500e-01,1.53590e-02,0.75
50,1,1.71800e-01,2.39125e-01,1.82240e-02,0.60
50,2,2.76400e-01,3.12625e-01,1.77628e-02,0.71
50,3,3.40800e-01,3.66000e-01,1.74394e-02,0.80
50,4,3.95400e-01,3.78500e-01,1.72123e-02,0.80
50,5,4.08200e-01,4.02500e-01,1.70106e-02,0.77
50,6,4.25400e-01,4.19375e-01,1.68665e-02,0.79
50,7,4.45400e-01,4.23125e-01,1.67413e-02,0.79
50,8,4.50200e-01,4.33750e-01,1.66512e-02,0.60
50,9,4.57600e-01,4.32500e-01,1.65879e-02,0.57
50,10,4.61800e-01,4.40250e-01,1.65245e-02,0.57
50,11,4.64000e-01,4.39500e-01,1.64491e-02,0.57
50,12,4.64800e-01,4.45125e-01,1.63807e-02,0.57
50,13,4.70000e-01,4.45625e-01,1.63746e-02,0.57
50,14,4.71400e-01,4.48250e-01,1.63387e-02,0.57
50,15,4.68400e-01,4.50375e-01,1.63041e-02,0.57
50,16,4.72600e-01,4.50625e-01,1.62839e-02,0.57
50,17,4.75400e-01,4.49375e-01,1.62370e-02,0.57
50,18,4.71800e-01,4.52250e-01,1.62192e-02,0.57
50,19,4.74200e-01,4.52750e-01,1.62192e-02,0.57
50,20,4.78600e-01,4.56750e-01,1.61780e-02,0.72
50,21,4.81400e-01,4.56000e-01,1.61921e-02,0.74
50,22,4.80000e-01,4.56250e-01,1.61044e-02,0.80
50,23,4.78800e-01,4.60000e-01,1.61168e-02,0.80
50,24,4.80600e-01,4.59750e-01,1.61535e-02,0.77
50,25,4.88600e-01,4.61625e-01,1.60755e-02,0.77
50,26,4.86000e-01,4.62625e-01,1.60543e-02,0.79
50,27,4.86200e-01,4.61000e-01,1.60844e-02,0.79
50,28,4.88800e-01,4.65000e-01,1.61123e-02,0.79
50,29,4.87000e-01,4.65875e-01,1.60639e-02,0.61
50,30,4.89600e-01,4.65625e-01,1.60365e-02,0.57
50,31,4.90000e-01,4.66750e-01,1.60201e-02,0.57
50,32,4.89800e-01,4.68250e-01,1.60175e-02,0.57
50,33,4.92600e-01,4.71125e-01,1.60410e-02,0.57
50,34,4.94400e-01,4.69625e-01,1.60012e-02,0.57
50,35,4.96000e-01,4.70500e-01,1.60284e-02,0.57
50,36,4.92800e-01,4.70875e-01,1.60003e-02,0.57
50,37,4.94600e-01,4.71500e-01,1.59775e-02,0.57
50,38,4.95200e-01,4.70875e-01,1.59595e-02,0.71
50,39,4.97400e-01,4.72125e-01,1.59934e-02,0.78
50,40,4.98600e-01,4.72875e-01,1.59599e-02,0.74
50,41,4.95800e-01,4.76250e-01,1.59786e-02,0.70
50,42,4.98200e-01,4.75625e-01,1.59290e-02,0.72
50,43,4.95200e-01,4.75000e-01,1.59397e-02,0.72
50,44,4.98000e-01,4.77750e-01,1.59115e-02,0.55
50,45,5.00600e-01,4.76625e-01,1.59200e-02,0.48
50,46,5.00200e-01,4.78250e-01,1.59308e-02,0.48
50,47,5.02200e-01,4.76875e-01,1.58682e-02,0.49
50,48,5.00800e-01,4.79000e-01,1.58694e-02,0.60
50,49,5.03200e-01,4.77000e-01,1.58587e-02,0.53
50,50,5.04400e-01,4.78500e-01,1.58527e-02,0.53
50,51,5.03600e-01,4.79500e-01,1.58950e-02,0.53
50,52,5.03600e-01,4.80375e-01,1.58351e-02,0.72
50,53,5.03600e-01,4.79625e-01,1.58354e-02,0.76
50,54,5.01600e-01,4.80500e-01,1.58481e-02,0.80
50,55,5.04400e-01,4.79000e-01,1.58796e-02,0.81
50,56,5.05400e-01,4.82375e-01,1.58622e-02,0.70
50,57,5.05600e-01,4.80750e-01,1.58382e-02,0.63
50,58,5.04600e-01,4.83250e-01,1.58458e-02,0.57
50,59,5.07000e-01,4.82250e-01,1.58684e-02,0.57
50,60,5.10000e-01,4.83625e-01,1.58406e-02,0.58
50,61,5.09600e-01,4.84000e-01,1.58527e-02,0.57
50,62,5.06600e-01,4.82875e-01,1.57918e-02,0.57
50,63,5.09200e-01,4.83875e-01,1.58674e-02,0.68
50,64,5.10200e-01,4.84250e-01,1.58170e-02,0.57
50,65,5.10800e-01,4.84625e-01,1.57901e-02,0.57
50,66,5.11600e-01,4.85125e-01,1.57838e-02,0.76
50,67,5.12000e-01,4.84750e-01,1.57901e-02,0.80
50,68,5.12000e-01,4.85750e-01,1.57353e-02,0.80
50,69,5.11600e-01,4.85125e-01,1.57964e-02,0.74
50,70,5.13800e-01,4.87000e-01,1.58267e-02,0.61
50,71,5.15800e-01,4.86000e-01,1.57528e-02,0.74
50,72,5.13600e-01,4.87125e-01,1.58000e-02,0.58
50,73,5.13400e-01,4.88875e-01,1.57725e-02,0.53
50,74,5.11400e-01,4.87375e-01,1.57839e-02,0.54
50,75,5.12800e-01,4.88750e-01,1.57894e-02,0.48
50,76,5.15200e-01,4.88250e-01,1.57455e-02,0.49
50,77,5.16600e-01,4.89250e-01,1.57619e-02,0.48
50,78,5.18200e-01,4.88875e-01,1.57097e-02,0.48
50,79,5.18400e-01,4.87875e-01,1.57434e-02,0.52
50,80,5.19600e-01,4.87625e-01,1.57323e-02,0.53
50,81,5.17400e-01,4.88500e-01,1.57160e-02,0.53
50,82,5.18400e-01,4.88750e-01,1.57071e-02,0.71
50,83,5.21200e-01,4.88875e-01,1.57714e-02,0.67
50,84,5.20000e-01,4.89125e-01,1.57216e-02,0.71
50,85,5.21200e-01,4.88375e-01,1.56850e-02,0.72
50,86,5.20000e-01,4.89500e-01,1.57305e-02,0.51
50,87,5.21200e-01,4.88375e-01,1.57570e-02,0.49
50,88,5.18200e-01,4.90375e-01,1.57442e-02,0.48
50,89,5.20200e-01,4.89125e-01,1.57125e-02,0.48
50,90,5.21800e-01,4.88750e-01,1.56923e-02,0.48
50,91,5.21200e-01,4.89875e-01,1.57197e-02,0.49
50,92,5.24600e-01,4.89500e-01,1.57558e-02,0.48
50,93,5.20400e-01,4.90250e-01,1.57424e-02,0.48
50,94,5.23600e-01,4.90000e-01,1.57272e-02,0.48
50,95,5.20200e-01,4.89875e-01,1.57290e-02,0.49
50,96,5.22000e-01,4.91125e-01,1.57320e-02,0.49
50,97,5.24800e-01,4.90875e-01,1.56736e-02,0.48
50,98,5.23600e-01,4.90375e-01,1.57574e-02,0.48
50,99,5.26400e-01,4.91750e-01,1.57420e-02,0.48
50,100,5.26200e-01,4.91500e-01,1.56861e-02,0.49
50,101,5.25800e-01,4.92000e-01,1.56890e-02,0.48
50,102,5.24400e-01,4.91875e-01,1.57282e-02,0.48
50,103,5.27800e-01,4.92000e-01,1.57237e-02,0.48
50,104,5.24600e-01,4.92375e-01,1.56422e-02,0.49
50,105,5.27400e-01,4.92375e-01,1.57025e-02,0.48
50,106,5.27600e-01,4.92125e-01,1.56948e-02,0.48
50,107,5.27800e-01,4.92250e-01,1.56685e-02,0.48
50,108,5.26800e-01,4.93250e-01,1.56451e-02,0.49
50,109,5.27200e-01,4.92000e-01,1.56977e-02,0.48
50,110,5.28000e-01,4.91500e-01,1.56338e-02,0.64
50,111,5.27200e-01,4.93250e-01,1.56471e-02,0.49
50,112,5.29200e-01,4.93625e-01,1.56803e-02,0.49
50,113,5.29400e-01,4.93750e-01,1.56508e-02,0.48
50,114,5.28600e-01,4.92000e-01,1.56456e-02,0.48
50,115,5.28600e-01,4.95625e-01,1.56397e-02,0.64
50,116,5.30200e-01,4.93375e-01,1.56477e-02,0.69
50,117,5.31000e-01,4.95125e-01,1.56462e-02,0.72
50,118,5.33200e-01,4.93250e-01,1.56427e-02,0.70
50,119,5.32200e-01,4.94125e-01,1.56693e-02,0.70
50,120,5.31800e-01,4.92250e-01,1.56487e-02,0.58
50,121,5.30200e-01,4.93000e-01,1.56459e-02,0.48
50,122,5.32800e-01,4.94750e-01,1.56494e-02,0.48
50,123,5.31800e-01,4.95375e-01,1.56445e-02,0.48
50,124,5.32600e-01,4.95250e-01,1.56673e-02,0.48
50,125,5.33600e-01,4.94500e-01,1.56075e-02,0.44
50,126,5.33200e-01,4.93500e-01,1.56249e-02,0.61
50,127,5.33400e-01,4.94625e-01,1.56730e-02,0.49
50,128,5.34000e-01,4.94000e-01,1.56283e-02,0.41
50,129,5.34200e-01,4.94375e-01,1.55990e-02,0.60
50,130,5.34600e-01,4.94125e-01,1.56289e-02,0.70
50,131,5.32600e-01,4.94500e-01,1.56468e-02,0.70
50,132,5.31000e-01,4.95250e-01,1.55914e-02,0.55
50,133,5.36400e-01,4.95250e-01,1.56436e-02,0.48
50,134,5.33400e-01,4.94375e-01,1.56556e-02,0.48
50,135,5.35200e-01,4.95000e-01,1.56212e-02,0.74
50,136,5.35200e-01,4.96750e-01,1.55540e-02,0.79
50,137,5.35600e-01,4.93875e-01,1.56266e-02,0.74
50,138,5.36400e-01,4.94875e-01,1.56177e-02,0.65
50,139,5.34200e-01,4.96625e-01,1.56187e-02,0.74
50,140,5.34400e-01,4.95750e-01,1.56256e-02,0.77
50,141,5.35200e-01,4.96375e-01,1.55819e-02,0.76
50,142,5.32600e-01,4.95625e-01,1.56335e-02,0.78
50,143,5.35000e-01,4.96000e-01,1.55970e-02,0.75
50,144,5.34600e-01,4.98125e-01,1.56399e-02,0.73
50,145,5.35600e-01,4.95500e-01,1.56066e-02,0.73
50,146,5.36800e-01,4.96875e-01,1.55891e-02,0.74
50,147,5.35600e-01,4.95500e-01,1.55523e-02,0.73
50,148,5.36400e-01,4.95500e-01,1.55882e-02,0.73
50,149,5.36600e-01,4.96500e-01,1.55524e-02,0.78
50,150,5.36600e-01,4.96250e-01,1.55940e-02,0.79
50,151,5.37200e-01,4.95750e-01,1.55673e-02,0.80
50,152,5.38000e-01,4.96375e-01,1.56271e-02,0.79
50,153,5.37200e-01,4.96500e-01,1.55711e-02,0.79
50,154,5.38000e-01,4.94875e-01,1.55832e-02,0.79
50,155,5.38600e-01,4.97750e-01,1.55997e-02,0.79
50,156,5.36800e-01,4.95500e-01,1.55626e-02,0.78
50,157,5.38600e-01,4.95125e-01,1.55807e-02,0.78
50,158,5.36800e-01,4.96125e-01,1.55924e-02,0.79
50,159,5.36800e-01,4.96500e-01,1.55213e-02,0.79
50,160,5.38800e-01,4.96250e-01,1.55545e-02,0.74
50,161,5.39000e-01,4.97750e-01,1.55504e-02,0.73
50,162,5.38200e-01,4.97875e-01,1.55751e-02,0.81
50,163,5.38000e-01,4.96500e-01,1.55478e-02,0.79
50,164,5.37400e-01,4.97750e-01,1.55348e-02,0.59
50,165,5.41400e-01,4.96375e-01,1.55646e-02,0.53
50,166,5.39000e-01,4.98375e-01,1.55802e-02,0.53
50,167,5.39600e-01,4.97750e-01,1.55684e-02,0.52
50,168,5.38800e-01,4.98500e-01,1.55795e-02,0.53
50,169,5.40800e-01,4.97500e-01,1.55719e-02,0.53
50,170,5.40800e-01,4.98125e-01,1.55473e-02,0.53
50,171,5.40200e-01,4.97875e-01,1.55292e-02,0.53
50,172,5.38200e-01,4.98375e-01,1.55564e-02,0.53
50,173,5.39400e-01,4.96875e-01,1.55860e-02,0.53
50,174,5.41200e-01,4.96000e-01,1.55525e-02,0.52
50,175,5.42200e-01,4.97375e-01,1.55682e-02,0.52
50,176,5.40800e-01,4.96875e-01,1.55549e-02,0.52
50,177,5.39400e-01,4.98750e-01,1.56089e-02,0.53
50,178,5.42400e-01,4.98875e-01,1.55379e-02,0.52
50,179,5.41600e-01,4.98500e-01,1.55370e-02,0.52
50,180,5.43200e-01,4.98250e-01,1.55523e-02,0.52
50,181,5.40600e-01,4.99750e-01,1.54972e-02,0.53
50,182,5.38600e-01,4.98000e-01,1.55369e-02,0.52
50,183,5.40000e-01,4.97625e-01,1.55092e-02,0.52
50,184,5.41600e-01,4.98750e-01,1.55217e-02,0.52
50,185,5.41200e-01,4.98625e-01,1.55513e-02,0.53
50,186,5.44400e-01,4.97125e-01,1.54909e-02,0.52
50,187,5.42400e-01,4.97500e-01,1.55561e-02,0.52
50,188,5.43400e-01,4.98250e-01,1.55204e-02,0.52
50,189,5.41200e-01,4.97500e-01,1.55236e-02,0.53
50,190,5.42800e-01,5.00500e-01,1.55124e-02,0.52
50,191,5.41800e-01,4.99250e-01,1.55402e-02,0.52
50,192,5.42200e-01,4.98875e-01,1.55017e-02,0.53
50,193,5.43200e-01,4.98250e-01,1.55679e-02,0.53
50,194,5.41600e-01,4.99000e-01,1.55413e-02,0.52
50,195,5.42200e-01,4.99875e-01,1.55445e-02,0.52
50,196,5.44200e-01,5.00250e-01,1.55153e-02,0.53
50,197,5.42600e-01,4.99375e-01,1.55859e-02,0.53
50,198,5.44800e-01,4.99625e-01,1.55174e-02,0.52
50,199,5.42800e-01,5.00250e-01,1.55446e-02,0.52
50,200,5.43200e-01,4.98125e-01,1.54955e-02,0.53
60,1,1.70600e-01,2.54000e-01,1.82302e-02,0.53
60,2,2.87400e-01,3.13750e-01,1.77000e-02,0.52
60,3,3.33200e-01,3.48000e-01,1.73481e-02,0.70
60,4,3.87000e-01,3.73750e-01,1.70767e-02,0.76
60,5,3.98200e-01,4.28000e-01,1.69266e-02,0.77
60,6,4.44800e-01,4.44125e-01,1.67633e-02,0.76
60,7,4.62600e-01,4.45625e-01,1.66523e-02,0.79
60,8,4.65000e-01,4.54250e-01,1.65268e-02,0.80
60,9,4.71200e-01,4.58500e-01,1.64139e-02,0.81
60,10,4.77400e-01,4.59625e-01,1.63789e-02,0.80
60,11,4.82000e-01,4.64250e-01,1.62970e-02,0.79
60,12,4.83200e-01,4.68250e-01,1.63026e-02,0.80
60,13,4.85000e-01,4.68375e-01,1.62545e-02,0.80
60,14,4.88600e-01,4.75375e-01,1.61789e-02,0.80
60,15,4.89600e-01,4.76125e-01,1.61347e-02,0.80
60,16,4.90400e-01,4.78750e-01,1.61135e-02,0.81
60,17,4.93600e-01,4.79875e-01,1.60677e-02,0.80
60,18,4.95200e-01,4.82625e-01,1.60847e-02,0.68
60,19,4.95200e-01,4.84375e-01,1.60309e-02,0.58
60,20,4.96400e-01,4.86500e-01,1.60126e-02,0.74
60,21,5.00400e-01,4.88000e-01,1.60083e-02,0.81
60,22,5.01800e-01,4.88250e-01,1.59627e-02,0.81
60,23,5.01600e-01,4.90000e-01,1.60155e-02,0.79
60,24,5.02000e-01,4.90250e-01,1.59118e-02,0.53
60,25,5.08800e-01,4.92750e-01,1.59061e-02,0.53
60,26,5.05000e-01,4.94750e-01,1.59006e-02,0.53
60,27,5.04400e-01,4.95625e-01,1.59278e-02,0.53
60,28,5.09000e-01,4.96875e-01,1.58844e-02,0.53
60,29,5.14400e-01,4.97250e-01,1.58336e-02,0.53
60,30,5.13600e-01,4.97875e-01,1.58563e-02,0.53
60,31,5.14600e-01,4.97250e-01,1.58334e-02,0.53
60,32,5.15800e-01,4.98375e-01,1.58497e-02,0.53
60,33,5.16600e-01,5.01000e-01,1.58743e-02,0.53
60,34,5.17400e-01,5.01375e-01,1.57947e-02,0.53
60,35,5.20200e-01,5.02125e-01,1.57911e-02,0.53
60,36,5.21000e-01,5.00250e-01,1.58047e-02,0.53
60,37,5.17400e-01,5.02500e-01,1.58245e-02,0.53
60,38,5.21600e-01,5.02875e-01,1.57313e-02,0.53
60,39,5.22200e-01,5.05500e-01,1.57585e-02,0.53
60,40,5.22200e-01,5.05500e-01,1.57466e-02,0.53
60,41,5.24800e-01,5.06500e-01,1.57524e-02,0.53
60,42,5.22000e-01,5.06250e-01,1.57492e-02,0.53
60,43,5.24600e-01,5.08250e-01,1.57115e-02,0.53
60,44,5.29200e-01,5.07125e-01,1.57039e-02,0.53
60,45,5.23800e-01,5.07250e-01,1.56895e-02,0.53
60,46,5.29000e-01,5.09875e-01,1.56906e-02,0.53
60,47,5.28800e-01,5.09000e-01,1.56822e-02,0.53
60,48,5.26400e-01,5.10875e-01,1.56812e-02,0.73
60,49,5.29000e-01,5.10250e-01,1.56498e-02,0.71
60,50,5.29200e-01,5.10000e-01,1.56885e-02,0.76
60,51,5.31200e-01,5.12375e-01,1.56483e-02,0.74
60,52,5.29600e-01,5.11750e-01,1.56600e-02,0.74
60,53,5.31400e-01,5.13500e-01,1.56475e-02,0.74
60,54,5.29400e-01,5.13500e-01,1.56352e-02,0.75
60,55,5.35400e-01,5.15750e-01,1.56030e-02,0.75
60,56,5.33400e-01,5.13375e-01,1.56039e-02,0.55
60,57,5.29800e-01,5.14375e-01,1.56148e-02,0.53
60,58,5.34400e-01,5.15750e-01,1.56552e-02,0.53
60,59,5.34600e-01,5.16500e-01,1.56613e-02,0.53
60,60,5.35000e-01,5.15625e-01,1.56279e-02,0.53
60,61,5.40000e-01,5.16000e-01,1.55826e-02,0.53
60,62,5.35600e-01,5.16500e-01,1.55860e-02,0.53
60,63,5.40000e-01,5.16250e-01,1.55916e-02,0.53
60,64,5.40200e-01,5.15875e-01,1.56209e-02,0.53
60,65,5.37200e-01,5.16500e-01,1.56109e-02,0.53
60,66,5.39800e-01,5.17750e-01,1.55927e-02,0.53
60,67,5.42000e-01,5.16750e-01,1.55777e-02,0.53
60,68,5.39000e-01,5.16125e-01,1.55276e-02,0.53
60,69,5.38800e-01,5.20375e-01,1.55492e-02,0.53
60,70,5.42600e-01,5.19750e-01,1.55995e-02,0.65
60,71,5.42000e-01,5.20750e-01,1.55999e-02,0.75
60,72,5.44400e-01,5.19375e-01,1.55623e-02,0.49
60,73,5.46400e-01,5.21375e-01,1.55940e-02,0.48
60,74,5.44600e-01,5.21375e-01,1.55986e-02,0.48
60,75,5.47000e-01,5.22125e-01,1.55664e-02,0.48
60,76,5.45200e-01,5.21125e-01,1.55061e-02,0.48
60,77,5.45400e-01,5.21125e-01,1.55437e-02,0.48
60,78,5.44800e-01,5.21000e-01,1.55370e-02,0.73
60,79,5.46600e-01,5.22250e-01,1.55146e-02,0.73
60,80,5.45800e-01,5.21875e-01,1.55368e-02,0.73
60,81,5.46000e-01,5.23125e-01,1.55445e-02,0.70
60,82,5.46000e-01,5.23000e-01,1.54970e-02,0.72
60,83,5.48000e-01,5.23375e-01,1.55482e-02,0.72
60,84,5.49600e-01,5.23000e-01,1.55268e-02,0.72
60,85,5.52000e-01,5.23875e-01,1.54683e-02,0.73
60,86,5.51400e-01,5.23625e-01,1.55160e-02,0.74
60,87,5.50600e-01,5.23625e-01,1.55362e-02,0.73
60,88,5.50000e-01,5.24000e-01,1.54786e-02,0.73
60,89,5.49600e-01,5.21750e-01,1.54962e-02,0.71
60,90,5.48200e-01,5.23625e-01,1.55110e-02,0.72
60,91,5.51000e-01,5.24000e-01,1.55422e-02,0.73
60,92,5.53000e-01,5.22625e-01,1.55422e-02,0.50
60,93,5.51000e-01,5.24250e-01,1.54911e-02,0.66
60,94,5.52000e-01,5.24375e-01,1.54726e-02,0.71
60,95,5.52800e-01,5.25625e-01,1.54921e-02,0.74
60,96,5.49800e-01,5.23875e-01,1.54647e-02,0.74
60,97,5.53000e-01,5.23375e-01,1.55096e-02,0.74
60,98,5.54800e-01,5.25500e-01,1.54808e-02,0.74
60,99,5.53200e-01,5.24500e-01,1.54486e-02,0.74
60,100,5.53600e-01,5.24875e-01,1.54475e-02,0.75
60,101,5.56000e-01,5.24875e-01,1.54278e-02,0.74
60,102,5.55400e-01,5.25500e-01,1.54876e-02,0.74
60,103,5.54600e-01,5.23875e-01,1.54450e-02,0.74
60,104,5.56600e-01,5.24125e-01,1.54604e-02,0.73
60,105,5.55400e-01,5.24250e-01,1.54699e-02,0.74
60,106,5.56000e-01,5.23500e-01,1.54294e-02,0.74
60,107,5.56600e-01,5.23750e-01,1.54499e-02,0.74
60,108,5.56600e-01,5.24625e-01,1.54500e-02,0.56
60,109,5.56600e-01,5.25500e-01,1.54597e-02,0.48
60,110,5.56400e-01,5.25875e-01,1.53951e-02,0.48
60,111,5.55200e-01,5.26250e-01,1.53974e-02,0.48
60,112,5.58200e-01,5.26000e-01,1.54744e-02,0.65
60,113,5.57800e-01,5.26000e-01,1.54250e-02,0.71
60,114,5.59600e-01,5.25250e-01,1.54471e-02,0.68
60,115,5.55800e-01,5.26375e-01,1.54475e-02,0.67
60,116,5.57600e-01,5.26750e-01,1.54182e-02,0.72
60,117,5.57000e-01,5.27875e-01,1.53874e-02,0.74
60,118,5.59600e-01,5.25375e-01,1.54472e-02,0.74
60,119,5.57800e-01,5.25625e-01,1.54131e-02,0.77
60,120,5.59800e-01,5.26250e-01,1.54340e-02,0.78
60,121,5.60200e-01,5.27125e-01,1.53875e-02,0.79
60,122,5.58400e-01,5.26250e-01,1.54103e-02,0.79
60,123,5.60600e-01,5.26750e-01,1.54022e-02,0.79
60,124,5.61600e-01,5.27000e-01,1.54063e-02,0.74
60,125,5.59600e-01,5.28125e-01,1.54434e-02,0.51
60,126,5.59200e-01,5.28250e-01,1.54127e-02,0.41
60,127,5.61600e-01,5.28375e-01,1.54107e-02,0.41
60,128,5.60600e-01,5.28500e-01,1.53885e-02,0.41
60,129,5.61200e-01,5.28125e-01,1.54172e-02,0.41
60,130,5.63600e-01,5.27750e-01,1.53911e-02,0.41
60,131,5.64000e-01,5.27750e-01,1.53568e-02,0.41
60,132,5.62800e-01,5.29125e-01,1.54212e-02,0.41
60,133,5.62200e-01,5.28375e-01,1.54079e-02,0.41
60,134,5.64800e-01,5.26625e-01,1.54111e-02,0.41
60,135,5.63200e-01,5.28500e-01,1.53974e-02,0.41
60,136,5.64200e-01,5.26750e-01,1.54273e-02,0.41
60,137,5.64600e-01,5.28250e-01,1.53903e-02,0.41
60,138,5.63200e-01,5.28625e-01,1.53883e-02,0.41
60,139,5.63400e-01,5.28875e-01,1.53732e-02,0.41
60,140,5.67400e-01,5.29000e-01,1.54080e-02,0.41
60,141,5.65200e-01,5.28625e-01,1.53251e-02,0.41
60,142,5.65800e-01,5.29375e-01,1.53118e-02,0.41
60,143,5.64600e-01,5.27875e-01,1.53904e-02,0.41
60,144,5.65600e-01,5.29500e-01,1.53641e-02,0.41
60,145,5.67000e-01,5.28875e-01,1.53812e-02,0.57
60,146,5.68000e-01,5.30750e-01,1.53478e-02,0.69
60,147,5.64200e-01,5.27125e-01,1.54220e-02,0.64
60,148,5.64400e-01,5.29875e-01,1.53387e-02,0.74
60,149,5.69800e-01,5.28750e-01,1.53837e-02,0.74
60,150,5.67400e-01,5.30250e-01,1.53248e-02,0.74
60,151,5.66400e-01,5.29000e-01,1.53869e-02,0.74
60,152,5.67400e-01,5.28750e-01,1.53659e-02,0.74
60,153,5.66400e-01,5.28500e-01,1.53451e-02,0.74
60,154,5.66800e-01,5.30125e-01,1.53190e-02,0.78
60,155,5.64800e-01,5.29625e-01,1.53661e-02,0.80
60,156,5.68000e-01,5.32250e-01,1.53866e-02,0.80
60,157,5.67600e-01,5.30750e-01,1.53521e-02,0.81
60,158,5.65800e-01,5.31750e-01,1.53122e-02,0.82
60,159,5.67400e-01,5.32500e-01,1.53087e-02,0.81
60,160,5.66800e-01,5.32375e-01,1.53535e-02,0.79
60,161,5.64200e-01,5.31875e-01,1.53667e-02,0.75
60,162,5.67600e-01,5.32750e-01,1.52976e-02,0.74
60,163,5.65600e-01,5.33125e-01,1.52969e-02,0.74
60,164,5.69200e-01,5.32125e-01,1.52971e-02,0.74
60,165,5.65400e-01,5.31750e-01,1.53535e-02,0.76
60,166,5.69600e-01,5.32875e-01,1.53039e-02,0.78
60,167,5.68600e-01,5.31000e-01,1.52515e-02,0.78
60,168,5.70600e-01,5.33375e-01,1.53693e-02,0.78
60,169,5.69800e-01,5.32375e-01,1.53115e-02,0.78
60,170,5.68800e-01,5.33000e-01,1.53620e-02,0.78
60,171,5.68000e-01,5.33750e-01,1.53316e-02,0.76
60,172,5.66000e-01,5.33250e-01,1.53158e-02,0.72
60,173,5.71400e-01,5.34000e-01,1.53231e-02,0.72
60,174,5.70000e-01,5.35750e-01,1.53656e-02,0.71
60,175,5.70400e-01,5.33500e-01,1.53106e-02,0.77
60,176,5.71000e-01,5.34875e-01,1.53121e-02,0.79
60,177,5.72000e-01,5.32750e-01,1.52819e-02,0.75
60,178,5.71600e-01,5.33500e-01,1.52762e-02,0.74
60,179,5.70400e-01,5.33750e-01,1.53214e-02,0.74
60,180,5.71800e-01,5.34750e-01,1.52834e-02,0.79
60,181,5.75000e-01,5.34500e-01,1.53177e-02,0.79
60,182,5.71800e-01,5.37625e-01,1.52796e-02,0.77
60,183,5.76400e-01,5.38125e-01,1.52652e-02,0.78
60,184,5.76600e-01,5.38000e-01,1.52743e-02,0.79
60,185,5.78000e-01,5.37125e-01,1.52734e-02,0.80
60,186,5.79800e-01,5.38500e-01,1.52562e-02,0.81
60,187,5.79800e-01,5.39125e-01,1.52126e-02,0.81
60,188,5.80000e-01,5.40875e-01,1.52421e-02,0.80
60,189,5.80800e-01,5.39000e-01,1.52259e-02,0.80
60,190,5.85200e-01,5.40000e-01,1.51792e-02,0.80
60,191,5.84400e-01,5.38875e-01,1.51676e-02,0.79
60,192,5.87000e-01,5.41625e-01,1.51617e-02,0.79
60,193,5.85800e-01,5.42125e-01,1.51800e-02,0.79
60,194,5.87400e-01,5.42875e-01,1.51374e-02,0.79
60,195,5.88800e-01,5.44875e-01,1.51628e-02,0.79
60,196,5.90600e-01,5.49000e-01,1.51766e-02,0.79
60,197,5.88200e-01,5.47625e-01,1.51342e-02,0.79
60,198,5.90800e-01,5.49625e-01,1.50833e-02,0.79
60,199,5.92200e-01,5.51125e-01,1.51762e-02,0.74
60,200,5.93000e-01,5.50875e-01,1.51286e-02,0.73
70,1,1.91800e-01,2.78625e-01,1.81138e-02,0.70
70,2,3.05800e-01,3.52625e-01,1.76371e-02,0.74
70,3,3.69000e-01,3.64500e-01,1.73679e-02,0.74
70,4,3.80600e-01,3.97875e-01,1.71254e-02,0.77
70,5,4.13200e-01,4.36375e-01,1.68604e-02,0.58
70,6,4.55800e-01,4.60750e-01,1.67011e-02,0.48
70,7,4.77600e-01,4.71625e-01,1.65464e-02,0.48
70,8,4.89200e-01,4.76750e-01,1.64072e-02,0.63
70,9,4.95600e-01,4.83000e-01,1.63528e-02,0.67
70,10,4.97800e-01,4.82875e-01,1.62602e-02,0.48
70,11,4.98000e-01,4.89375e-01,1.62084e-02,0.48
70,12,5.05000e-01,4.92625e-01,1.61381e-02,0.48
70,13,5.07800e-01,4.97500e-01,1.60729e-02,0.66
70,14,5.13800e-01,4.96750e-01,1.60445e-02,0.69
70,15,5.12200e-01,5.00625e-01,1.60465e-02,0.44
70,16,5.11400e-01,5.02375e-01,1.59903e-02,0.41
70,17,5.22600e-01,5.02750e-01,1.59174e-02,0.43
70,18,5.23000e-01,5.08625e-01,1.58993e-02,0.65
70,19,5.24600e-01,5.08000e-01,1.58852e-02,0.69
70,20,5.26600e-01,5.10500e-01,1.58255e-02,0.47
70,21,5.28000e-01,5.12250e-01,1.57879e-02,0.41
70,22,5.28200e-01,5.14000e-01,1.58291e-02,0.41
70,23,5.32800e-01,5.14875e-01,1.57861e-02,0.58
70,24,5.30600e-01,5.17000e-01,1.58039e-02,0.68
70,25,5.33200e-01,5.19250e-01,1.57593e-02,0.69
70,26,5.37800e-01,5.18750e-01,1.57497e-02,0.68
70,27,5.35800e-01,5.20250e-01,1.57550e-02,0.65
70,28,5.39000e-01,5.21625e-01,1.57068e-02,0.68
70,29,5.37600e-01,5.21750e-01,1.57045e-02,0.72
70,30,5.37800e-01,5.23875e-01,1.56571e-02,0.69
70,31,5.42800e-01,5.25375e-01,1.56857e-02,0.74
70,32,5.41600e-01,5.24875e-01,1.56299e-02,0.73
70,33,5.43400e-01,5.25500e-01,1.56096e-02,0.71
70,34,5.43600e-01,5.25500e-01,1.56527e-02,0.72
70,35,5.47400e-01,5.27125e-01,1.56403e-02,0.71
70,36,5.46800e-01,5.28375e-01,1.56263e-02,0.72
70,37,5.44800e-01,5.27875e-01,1.55793e-02,0.72
70,38,5.48400e-01,5.27500e-01,1.56263e-02,0.70
70,39,5.49400e-01,5.30000e-01,1.55419e-02,0.72
70,40,5.48200e-01,5.32750e-01,1.55533e-02,0.79
70,41,5.52400e-01,5.31125e-01,1.55788e-02,0.79
70,42,5.51600e-01,5.31125e-01,1.55227e-02,0.77
70,43,5.51600e-01,5.33625e-01,1.55593e-02,0.74
70,44,5.55000e-01,5.34500e-01,1.55045e-02,0.74
70,45,5.53000e-01,5.32625e-01,1.55444e-02,0.59
70,46,5.51800e-01,5.34375e-01,1.55854e-02,0.53
70,47,5.54600e-01,5.34875e-01,1.54815e-02,0.53
70,48,5.56000e-01,5.34375e-01,1.54758e-02,0.53
70,49,5.56200e-01,5.38375e-01,1.55231e-02,0.53
70,50,5.55000e-01,5.36125e-01,1.54973e-02,0.53
70,51,5.58000e-01,5.38125e-01,1.54456e-02,0.53
70,52,5.56600e-01,5.37000e-01,1.55065e-02,0.53
70,53,5.59600e-01,5.38625e-01,1.54336e-02,0.74
70,54,5.58600e-01,5.39625e-01,1.54092e-02,0.66
70,55,5.61800e-01,5.40375e-01,1.54410e-02,0.66
70,56,5.58200e-01,5.40625e-01,1.54077e-02,0.65
70,57,5.61600e-01,5.39625e-01,1.54412e-02,0.68
70,58,5.60200e-01,5.39875e-01,1.54003e-02,0.69
70,59,5.61400e-01,5.42375e-01,1.53908e-02,0.47
70,60,5.61600e-01,5.40750e-01,1.53888e-02,0.41
70,61,5.61600e-01,5.40750e-01,1.54312e-02,0.41
70,62,5.62000e-01,5.42125e-01,1.54100e-02,0.42
70,63,5.64600e-01,5.42625e-01,1.53576e-02,0.41
70,64,5.64400e-01,5.41625e-01,1.54409e-02,0.42
70,65,5.66000e-01,5.42250e-01,1.53521e-02,0.41
70,66,5.66200e-01,5.40875e-01,1.53698e-02,0.41
70,67,5.64600e-01,5.40750e-01,1.53429e-02,0.63
70,68,5.66600e-01,5.41250e-01,1.53749e-02,0.44
70,69,5.63600e-01,5.42750e-01,1.54143e-02,0.41
70,70,5.64600e-01,5.44500e-01,1.53324e-02,0.41
70,71,5.67600e-01,5.43000e-01,1.53423e-02,0.41
70,72,5.70000e-01,5.43375e-01,1.53675e-02,0.41
70,73,5.72200e-01,5.43500e-01,1.53482e-02,0.41
70,74,5.72800e-01,5.44375e-01,1.53150e-02,0.41
70,75,5.69800e-01,5.43000e-01,1.53550e-02,0.41
70,76,5.69800e-01,5.45000e-01,1.53407e-02,0.41
70,77,5.73200e-01,5.45500e-01,1.53277e-02,0.41
70,78,5.71000e-01,5.46000e-01,1.53318e-02,0.41
70,79,5.73000e-01,5.45000e-01,1.53504e-02,0.41
70,80,5.73600e-01,5.46250e-01,1.53357e-02,0.41
70,81,5.73800e-01,5.44750e-01,1.53221e-02,0.41
70,82,5.74200e-01,5.47375e-01,1.53219e-02,0.41
70,83,5.75200e-01,5.44250e-01,1.53418e-02,0.41
70,84,5.76600e-01,5.49000e-01,1.53252e-02,0.41
70,85,5.73200e-01,5.45625e-01,1.53118e-02,0.41
70,86,5.74800e-01,5.46000e-01,1.53401e-02,0.41
70,87,5.72000e-01,5.47625e-01,1.53215e-02,0.58
70,88,5.73000e-01,5.49500e-01,1.52994e-02,0.70
70,89,5.77200e-01,5.49000e-01,1.53334e-02,0.74
70,90,5.74800e-01,5.48000e-01,1.52813e-02,0.81
70,91,5.76600e-01,5.49625e-01,1.52863e-02,0.78
70,92,5.79200e-01,5.47750e-01,1.52494e-02,0.79
70,93,5.75600e-01,5.50250e-01,1.53340e-02,0.79
70,94,5.77000e-01,5.49250e-01,1.53157e-02,0.79
70,95,5.78600e-01,5.50750e-01,1.52257e-02,0.78
70,96,5.80200e-01,5.50250e-01,1.52393e-02,0.79
70,97,5.78400e-01,5.50125e-01,1.52757e-02,0.79
70,98,5.78000e-01,5.51500e-01,1.52695e-02,0.78
70,99,5.79000e-01,5.49000e-01,1.52562e-02,0.78
70,100,5.80400e-01,5.49875e-01,1.52815e-02,0.78
70,101,5.79600e-01,5.48750e-01,1.52991e-02,0.58
70,102,5.79600e-01,5.50625e-01,1.52416e-02,0.48
70,103,5.81800e-01,5.50250e-01,1.52571e-02,0.66
70,104,5.79200e-01,5.50625e-01,1.52560e-02,0.77
70,105,5.80400e-01,5.52250e-01,1.52491e-02,0.78
70,106,5.80600e-01,5.51375e-01,1.52559e-02,0.78
70,107,5.80800e-01,5.51500e-01,1.52110e-02,0.78
70,108,5.83400e-01,5.53250e-01,1.52403e-02,0.79
70,109,5.86000e-01,5.54375e-01,1.52458e-02,0.79
70,110,5.82800e-01,5.53875e-01,1.52440e-02,0.74
70,111,5.84600e-01,5.53250e-01,1.52211e-02,0.74
70,112,5.84000e-01,5.52000e-01,1.52214e-02,0.74
70,113,5.84600e-01,5.52750e-01,1.52351e-02,0.74
70,114,5.85000e-01,5.52625e-01,1.52397e-02,0.70
70,115,5.83200e-01,5.52750e-01,1.52464e-02,0.72
70,116,5.84200e-01,5.54250e-01,1.52320e-02,0.78
70,117,5.84200e-01,5.53125e-01,1.51672e-02,0.79
70,118,5.82800e-01,5.52875e-01,1.52376e-02,0.73
70,119,5.86800e-01,5.53625e-01,1.52208e-02,0.74
70,120,5.86000e-01,5.53125e-01,1.51849e-02,0.74
70,121,5.84600e-01,5.53750e-01,1.52331e-02,0.78
70,122,5.84400e-01,5.53625e-01,1.51653e-02,0.79
70,123,5.88600e-01,5.53250e-01,1.52329e-02,0.80
70,124,5.85400e-01,5.52000e-01,1.52176e-02,0.82
70,125,5.85000e-01,5.51875e-01,1.51881e-02,0.80
70,126,5.87600e-01,5.52750e-01,1.51585e-02,0.81
70,127,5.87800e-01,5.55625e-01,1.51777e-02,0.79
70,128,5.87800e-01,5.52000e-01,1.52314e-02,0.80
70,129,5.86200e-01,5.53875e-01,1.52251e-02,0.80
70,130,5.87600e-01,5.53125e-01,1.51779e-02,0.81
70,131,5.89600e-01,5.53750e-01,1.51680e-02,0.81
70,132,5.87600e-01,5.54625e-01,1.51589e-02,0.80
70,133,5.89200e-01,5.55500e-01,1.52082e-02,0.80
70,134,5.87600e-01,5.54625e-01,1.51312e-02,0.80
70,135,5.89600e-01,5.54125e-01,1.51699e-02,0.79
70,136,5.92800e-01,5.54375e-01,1.51826e-02,0.80
70,137,5.88200e-01,5.55375e-01,1.51941e-02,0.80
70,138,5.88400e-01,5.54875e-01,1.51656e-02,0.60
70,139,5.88600e-01,5.54875e-01,1.51779e-02,0.53
70,140,5.89800e-01,5.55375e-01,1.51548e-02,0.53
70,141,5.87000e-01,5.56625e-01,1.51821e-02,0.53
70,142,5.89800e-01,5.56000e-01,1.51786e-02,0.53
70,143,5.90400e-01,5.56125e-01,1.51441e-02,0.53
70,144,5.91000e-01,5.55125e-01,1.52180e-02,0.53
70,145,5.89200e-01,5.55875e-01,1.51216e-02,0.53
70,146,5.90800e-01,5.55500e-01,1.52005e-02,0.53
70,147,5.90600e-01,5.56125e-01,1.51576e-02,0.53
70,148,5.89000e-01,5.55375e-01,1.51471e-02,0.53
70,149,5.92600e-01,5.56000e-01,1.51338e-02,0.66
70,150,5.91400e-01,5.54000e-01,1.51717e-02,0.74
70,151,5.93400e-01,5.54750e-01,1.50805e-02,0.57
70,152,5.93800e-01,5.54500e-01,1.51321e-02,0.53
70,153,5.95000e-01,5.54125e-01,1.51289e-02,0.52
70,154,5.90200e-01,5.55250e-01,1.51964e-02,0.53
70,155,5.92200e-01,5.54875e-01,1.51515e-02,0.53
70,156,5.91400e-01,5.54000e-01,1.51341e-02,0.53
70,157,5.91800e-01,5.56750e-01,1.51054e-02,0.52
70,158,5.93200e-01,5.54625e-01,1.51684e-02,0.52
70,159,5.94200e-01,5.55875e-01,1.51527e-02,0.53
70,160,5.94000e-01,5.55500e-01,1.51767e-02,0.53
70,161,5.93600e-01,5.55875e-01,1.51867e-02,0.52
70,162,5.95800e-01,5.55250e-01,1.51313e-02,0.66
70,163,5.92000e-01,5.56125e-01,1.50988e-02,0.54
70,164,5.94000e-01,5.55875e-01,1.51549e-02,0.52
70,165,5.93600e-01,5.55750e-01,1.51755e-02,0.52
70,166,5.96400e-01,5.58125e-01,1.50838e-02,0.52
70,167,6.01800e-01,5.63375e-01,1.50682e-02,0.53
70,168,6.04600e-01,5.62125e-01,1.50724e-02,0.52
70,169,6.02400e-01,5.65625e-01,1.50449e-02,0.53
70,170,6.07000e-01,5.67000e-01,1.50774e-02,0.52
70,171,6.07400e-01,5.66625e-01,1.50885e-02,0.53
70,172,6.05400e-01,5.67125e-01,1.50713e-02,0.52
70,173,6.07200e-01,5.66375e-01,1.50087e-02,0.52
70,174,6.10000e-01,5.66125e-01,1.50474e-02,0.52
70,175,6.12000e-01,5.67375e-01,1.50495e-02,0.53
70,176,6.05800e-01,5.69375e-01,1.50601e-02,0.52
70,177,6.08800e-01,5.67125e-01,1.50242e-02,0.53
70,178,6.08400e-01,5.67875e-01,1.50968e-02,0.52
70,179,6.07200e-01,5.68500e-01,1.50130e-02,0.53
70,180,6.09800e-01,5.69125e-01,1.50753e-02,0.52
70,181,6.10600e-01,5.68000e-01,1.50114e-02,0.52
70,182,6.11800e-01,5.66625e-01,1.50415e-02,0.53
70,183,6.12000e-01,5.68750e-01,1.49986e-02,0.53
70,184,6.13000e-01,5.69125e-01,1.50329e-02,0.52
70,185,6.12600e-01,5.68625e-01,1.50134e-02,0.52
70,186,6.10800e-01,5.68375e-01,1.49934e-02,0.52
70,187,6.12600e-01,5.69500e-01,1.49666e-02,0.53
70,188,6.12600e-01,5.66500e-01,1.49738e-02,0.52
70,189,6.13200e-01,5.67000e-01,1.49637e-02,0.52
70,190,6.12400e-01,5.66375e-01,1.49687e-02,0.52
70,191,6.12800e-01,5.67625e-01,1.50508e-02,0.53
70,192,6.14200e-01,5.68875e-01,1.50107e-02,0.52
70,193,6.15600e-01,5.67125e-01,1.50325e-02,0.52
70,194,6.14000e-01,5.67500e-01,1.50122e-02,0.52
70,195,6.13000e-01,5.66750e-01,1.49721e-02,0.53
70,196,6.13200e-01,5.66875e-01,1.49904e-02,0.52
70,197,6.15600e-01,5.67375e-01,1.50151e-02,0.52
70,198,6.14600e-01,5.66625e-01,1.50037e-02,0.52
70,199,6.16600e-01,5.68250e-01,1.50085e-02,0.53
70,200,6.16600e-01,5.68625e-01,1.50008e-02,0.52
75,1,1.91200e-01,2.88500e-01,1.82222e-02,0.71
75,2,3.16400e-01,3.37125e-01,1.77536e-02,0.71
75,3,3.70800e-01,3.53375e-01,1.74032e-02,0.74
75,4,3.91400e-01,4.05375e-01,1.71459e-02,0.74
75,5,4.29400e-01,4.19250e-01,1.68930e-02,0.78
75,6,4.48800e-01,4.58500e-01,1.67318e-02,0.78
75,7,4.86000e-01,4.66875e-01,1.65342e-02,0.73
75,8,4.87000e-01,4.71250e-01,1.64592e-02,0.47
75,9,4.93000e-01,4.77125e-01,1.63496e-02,0.41
75,10,5.02200e-01,4.81375e-01,1.63080e-02,0.41
75,11,5.06600e-01,4.84125e-01,1.61949e-02,0.41
75,12,5.05000e-01,4.87750e-01,1.61425e-02,0.41
75,13,5.12000e-01,4.89875e-01,1.61066e-02,0.41
75,14,5.11200e-01,4.94000e-01,1.61008e-02,0.41
75,15,5.13200e-01,4.96500e-01,1.60247e-02,0.41
75,16,5.15800e-01,5.00000e-01,1.59759e-02,0.60
75,17,5.24400e-01,5.03625e-01,1.59541e-02,0.68
75,18,5.20600e-01,5.05750e-01,1.58772e-02,0.67
75,19,5.20800e-01,5.07750e-01,1.58855e-02,0.70
75,20,5.29000e-01,5.09375e-01,1.58885e-02,0.70
75,21,5.31800e-01,5.12750e-01,1.58733e-02,0.68
75,22,5.30200e-01,5.12875e-01,1.58273e-02,0.70
75,23,5.34200e-01,5.15000e-01,1.57907e-02,0.66
75,24,5.30600e-01,5.17375e-01,1.57432e-02,0.69
75,25,5.35800e-01,5.21625e-01,1.57662e-02,0.58
75,26,5.34400e-01,5.20750e-01,1.57048e-02,0.61
75,27,5.41400e-01,5.21500e-01,1.57288e-02,0.69
75,28,5.40600e-01,5.24625e-01,1.57531e-02,0.68
75,29,5.40000e-01,5.27875e-01,1.56783e-02,0.67
75,30,5.41400e-01,5.27875e-01,1.57033e-02,0.68
75,31,5.43800e-01,5.28000e-01,1.57026e-02,0.74
75,32,5.44800e-01,5.30375e-01,1.56570e-02,0.81
75,33,5.46000e-01,5.29625e-01,1.55950e-02,0.53
75,34,5.48400e-01,5.31000e-01,1.56255e-02,0.69
75,35,5.49600e-01,5.30750e-01,1.56028e-02,0.70
75,36,5.47600e-01,5.31875e-01,1.56361e-02,0.68
75,37,5.47800e-01,5.31500e-01,1.56196e-02,0.70
75,38,5.50800e-01,5.33625e-01,1.55604e-02,0.67
75,39,5.50000e-01,5.35875e-01,1.55646e-02,0.52
75,40,5.52200e-01,5.35625e-01,1.55987e-02,0.74
75,41,5.53800e-01,5.35000e-01,1.55662e-02,0.71
75,42,5.53800e-01,5.37125e-01,1.55524e-02,0.49
75,43,5.57000e-01,5.38125e-01,1.55148e-02,0.69
75,44,5.54400e-01,5.34750e-01,1.55302e-02,0.75
75,45,5.55200e-01,5.37000e-01,1.54851e-02,0.74
75,46,5.59400e-01,5.37125e-01,1.55199e-02,0.74
75,47,5.57000e-01,5.36500e-01,1.54999e-02,0.78
75,48,5.59800e-01,5.37500e-01,1.55354e-02,0.80
75,49,5.59400e-01,5.40250e-01,1.54565e-02,0.79
75,50,5.62400e-01,5.39875e-01,1.54673e-02,0.79
75,51,5.62600e-01,5.39625e-01,1.54354e-02,0.79
75,52,5.61000e-01,5.40500e-01,1.54822e-02,0.79
75,53,5.62000e-01,5.40625e-01,1.54785e-02,0.79
75,54,5.64000e-01,5.42375e-01,1.54528e-02,0.79
75,55,5.66200e-01,5.40875e-01,1.54429e-02,0.74
75,56,5.62400e-01,5.41500e-01,1.54522e-02,0.74
75,57,5.65400e-01,5.41000e-01,1.54041e-02,0.74
75,58,5.68800e-01,5.41125e-01,1.54339e-02,0.74
75,59,5.67400e-01,5.42375e-01,1.54094e-02,0.74
75,60,5.67600e-01,5.41750e-01,1.53816e-02,0.72
75,61,5.68200e-01,5.42000e-01,1.53732e-02,0.72
75,62,5.71400e-01,5.45375e-01,1.53750e-02,0.72
75,63,5.66400e-01,5.43000e-01,1.53930e-02,0.73
75,64,5.67800e-01,5.43250e-01,1.53743e-02,0.71
75,65,5.69400e-01,5.44875e-01,1.54221e-02,0.72
75,66,5.70600e-01,5.44000e-01,1.53655e-02,0.74
75,67,5.74400e-01,5.44750e-01,1.53284e-02,0.72
75,68,5.73400e-01,5.46375e-01,1.53629e-02,0.72
75,69,5.72600e-01,5.44875e-01,1.53265e-02,0.73
75,70,5.74000e-01,5.45000e-01,1.53908e-02,0.71
75,71,5.73000e-01,5.45125e-01,1.53408e-02,0.72
75,72,5.70200e-01,5.44625e-01,1.53482e-02,0.71
75,73,5.73600e-01,5.45375e-01,1.53510e-02,0.71
75,74,5.73600e-01,5.45625e-01,1.53323e-02,0.72
75,75,5.74800e-01,5.48125e-01,1.52754e-02,0.72
75,76,5.69000e-01,5.45875e-01,1.53100e-02,0.72
75,77,5.78200e-01,5.48125e-01,1.53190e-02,0.74
75,78,5.76600e-01,5.48500e-01,1.52916e-02,0.74
75,79,5.77800e-01,5.48250e-01,1.53560e-02,0.76
75,80,5.77400e-01,5.48500e-01,1.53372e-02,0.76
75,81,5.75600e-01,5.50000e-01,1.53335e-02,0.74
75,82,5.76600e-01,5.48875e-01,1.53315e-02,0.74
75,83,5.77200e-01,5.49000e-01,1.53189e-02,0.73
75,84,5.75800e-01,5.49500e-01,1.53454e-02,0.75
75,85,5.78200e-01,5.51750e-01,1.53247e-02,0.75
75,86,5.79000e-01,5.50875e-01,1.52816e-02,0.64
75,87,5.76600e-01,5.50250e-01,1.53245e-02,0.71
75,88,5.79800e-01,5.52875e-01,1.52736e-02,0.78
75,89,5.81200e-01,5.52625e-01,1.53055e-02,0.75
75,90,5.78600e-01,5.49750e-01,1.52959e-02,0.54
75,91,5.78200e-01,5.52125e-01,1.52873e-02,0.65
75,92,5.79600e-01,5.52625e-01,1.53040e-02,0.83
75,93,5.77800e-01,5.51250e-01,1.52421e-02,0.81
75,94,5.76200e-01,5.53125e-01,1.53107e-02,0.80
75,95,5.79800e-01,5.53500e-01,1.52834e-02,0.80
75,96,5.82400e-01,5.53625e-01,1.52329e-02,0.79
75,97,5.79200e-01,5.54250e-01,1.52193e-02,0.80
75,98,5.82600e-01,5.52750e-01,1.52315e-02,0.76
75,99,5.82000e-01,5.53875e-01,1.52316e-02,0.54
75,100,5.82800e-01,5.52125e-01,1.52607e-02,0.53
75,101,5.83600e-01,5.52625e-01,1.52195e-02,0.78
75,102,5.82000e-01,5.55000e-01,1.52390e-02,0.81
75,103,5.84000e-01,5.54875e-01,1.52488e-02,0.81
75,104,5.84200e-01,5.53375e-01,1.52160e-02,0.81
75,105,5.83200e-01,5.53500e-01,1.52302e-02,0.80
75,106,5.84000e-01,5.52250e-01,1.52144e-02,0.75
75,107,5.84000e-01,5.54500e-01,1.52579e-02,0.74
75,108,5.82200e-01,5.54625e-01,1.52253e-02,0.74
75,109,5.87200e-01,5.54125e-01,1.52160e-02,0.79
75,110,5.84000e-01,5.55250e-01,1.52011e-02,0.79
75,111,5.82600e-01,5.54250e-01,1.52569e-02,0.79
75,112,5.86200e-01,5.54875e-01,1.52240e-02,0.79
75,113,5.89000e-01,5.54875e-01,1.52592e-02,0.79
75,114,5.84800e-01,5.55000e-01,1.52207e-02,0.79
75,115,5.85600e-01,5.54625e-01,1.52211e-02,0.79
75,116,5.82800e-01,5.54625e-01,1.52042e-02,0.79
75,117,5.88800e-01,5.53875e-01,1.52451e-02,0.74
75,118,5.88600e-01,5.55250e-01,1.52424e-02,0.79
75,119,5.86600e-01,5.55625e-01,1.51935e-02,0.80
75,120,5.86800e-01,5.53875e-01,1.52267e-02,0.79
75,121,5.89200e-01,5.55375e-01,1.51895e-02,0.80
75,122,5.86600e-01,5.56625e-01,1.51913e-02,0.81
75,123,5.87200e-01,5.56000e-01,1.51842e-02,0.80
75,124,5.86600e-01,5.55750e-01,1.51541e-02,0.81
75,125,5.87600e-01,5.54750e-01,1.51738e-02,0.80
75,126,5.86600e-01,5.56750e-01,1.52010e-02,0.82
75,127,5.88400e-01,5.57125e-01,1.52155e-02,0.79
75,128,5.88000e-01,5.57875e-01,1.52050e-02,0.78
75,129,5.87600e-01,5.57875e-01,1.51240e-02,0.77
75,130,5.89800e-01,5.56750e-01,1.51225e-02,0.79
75,131,5.88800e-01,5.56875e-01,1.51680e-02,0.79
75,132,5.88800e-01,5.55625e-01,1.51835e-02,0.81
75,133,5.89000e-01,5.56875e-01,1.51635e-02,0.79
75,134,5.90400e-01,5.55750e-01,1.52112e-02,0.79
75,135,5.87600e-01,5.56875e-01,1.51354e-02,0.79
75,136,5.92400e-01,5.56750e-01,1.51984e-02,0.64
75,137,5.87400e-01,5.56000e-01,1.51957e-02,0.57
75,138,5.90400e-01,5.56750e-01,1.51311e-02,0.57
75,139,5.91600e-01,5.55125e-01,1.51306e-02,0.57
75,140,5.86800e-01,5.58125e-01,1.51787e-02,0.57
75,141,5.92400e-01,5.57125e-01,1.51549e-02,0.72
75,142,5.90200e-01,5.56500e-01,1.51435e-02,0.72
75,143,5.92000e-01,5.56875e-01,1.51228e-02,0.72
75,144,5.93600e-01,5.57000e-01,1.51283e-02,0.74
75,145,5.92600e-01,5.56500e-01,1.52020e-02,0.74
75,146,5.92600e-01,5.56000e-01,1.51018e-02,0.74
75,147,5.93200e-01,5.56375e-01,1.51746e-02,0.72
75,148,5.96400e-01,5.60125e-01,1.51186e-02,0.64
75,149,6.02000e-01,5.63875e-01,1.50758e-02,0.50
75,150,6.01800e-01,5.66250e-01,1.50842e-02,0.48
75,151,6.04600e-01,5.62250e-01,1.50777e-02,0.49
75,152,6.05800e-01,5.67125e-01,1.51137e-02,0.48
75,153,6.06800e-01,5.67250e-01,1.50575e-02,0.53
75,154,6.07000e-01,5.65750e-01,1.50996e-02,0.77
75,155,6.06000e-01,5.66875e-01,1.50571e-02,0.75
75,156,6.07000e-01,5.66375e-01,1.50570e-02,0.73
75,157,6.07800e-01,5.67125e-01,1.50640e-02,0.77
75,158,6.07800e-01,5.68625e-01,1.50888e-02,0.74
75,159,6.04600e-01,5.67125e-01,1.50521e-02,0.74
75,160,6.12400e-01,5.67375e-01,1.50758e-02,0.74
75,161,6.10600e-01,5.68000e-01,1.50271e-02,0.53
75,162,6.09000e-01,5.67000e-01,1.50575e-02,0.48
75,163,6.09600e-01,5.66500e-01,1.50491e-02,0.48
75,164,6.11000e-01,5.66875e-01,1.51093e-02,0.49
75,165,6.10600e-01,5.67875e-01,1.50349e-02,0.48
75,166,6.11800e-01,5.67500e-01,1.49767e-02,0.48
75,167,6.10800e-01,5.67625e-01,1.50560e-02,0.48
75,168,6.10800e-01,5.69000e-01,1.50706e-02,0.48
75,169,6.10400e-01,5.70250e-01,1.50515e-02,0.48
75,170,6.14000e-01,5.69250e-01,1.50241e-02,0.48
75,171,6.10600e-01,5.70250e-01,1.50149e-02,0.48
75,172,6.14400e-01,5.68125e-01,1.49949e-02,0.48
75,173,6.11400e-01,5.68750e-01,1.49969e-02,0.48
75,174,6.12400e-01,5.70000e-01,1.49927e-02,0.48
75,175,6.13400e-01,5.68250e-01,1.49906e-02,0.48
75,176,6.13200e-01,5.69375e-01,1.50249e-02,0.48
75,177,6.10800e-01,5.69750e-01,1.50100e-02,0.49
75,178,6.13000e-01,5.70125e-01,1.49700e-02,0.48
75,179,6.13000e-01,5.68750e-01,1.50652e-02,0.48
75,180,6.13400e-01,5.68750e-01,1.50061e-02,0.48
75,181,6.13800e-01,5.69750e-01,1.49564e-02,0.49
75,182,6.15200e-01,5.68875e-01,1.50308e-02,0.48
75,183,6.17200e-01,5.70125e-01,1.49944e-02,0.48
75,184,6.13400e-01,5.71000e-01,1.49970e-02,0.48
75,185,6.13000e-01,5.69750e-01,1.49909e-02,0.48
75,186,6.14200e-01,5.71250e-01,1.49650e-02,0.48
75,187,6.16800e-01,5.70750e-01,1.49674e-02,0.48
75,188,6.16000e-01,5.70000e-01,1.49686e-02,0.67
75,189,6.16000e-01,5.71875e-01,1.49625e-02,0.73
75,190,6.18600e-01,5.70875e-01,1.49811e-02,0.72
75,191,6.19000e-01,5.70250e-01,1.50055e-02,0.49
75,192,6.16600e-01,5.70250e-01,1.49998e-02,0.63
75,193,6.17200e-01,5.70625e-01,1.49910e-02,0.79
75,194,6.19000e-01,5.70750e-01,1.50200e-02,0.64
75,195,6.20000e-01,5.72125e-01,1.49677e-02,0.74
75,196,6.17000e-01,5.71625e-01,1.49701e-02,0.80
75,197,6.18600e-01,5.70375e-01,1.49282e-02,0.80
75,198,6.17000e-01,5.71875e-01,1.49987e-02,0.51
75,199,6.17800e-01,5.72500e-01,1.49633e-02,0.49
75,200,6.17600e-01,5.71125e-01,1.50045e-02,0.70
